Ticker,Expiration,TimeToMaturity,Strike,OptionType,LastPrice,Bid,Ask,Volume,OpenInterest,ImpliedVolatility,BisectionIV,NewtonIV,Delta_bs,Gamma_bs,Vega_bs,Delta_fd,Gamma_fd,Vega_fd,Parity_price,Bs_price,InTheMoney
SPY,2025-02-21,0.019178,300,Call,298.74,306.7,307.41,10,862,2.19092,0,0,0,0,0,0,0,0,0,305.97,True
SPY,2025-02-21,0.019178,305,Call,289.01,301.66,302.42,31,282,2.13965,0,0,0,0,0,0,0,0,0,300.974,True
SPY,2025-02-21,0.019178,310,Call,290.01,296.78,297.42,16,26,2.11133,0,0,0,0,0,0,0,0,0,295.978,True
SPY,2025-02-21,0.019178,315,Call,278.78,291.94,292.68,14,259,2.12256,0,0,0,0,0,0,0,0,0,290.982,True
SPY,2025-02-21,0.019178,320,Call,284.03,286.98,287.76,6,154,2.09131,0,0,0,0,0,0,0,0,0,285.986,True
SPY,2025-02-21,0.019178,325,Call,268.58,276.95,278.38,0,222,1e-05,0,0,0,0,0,0,0,0,0,280.99,True
SPY,2025-02-21,0.019178,330,Call,263.12,271.95,273.21,148,151,1e-05,0,0,0,0,0,0,0,0,0,275.994,True
SPY,2025-02-21,0.019178,335,Call,259.11,266.97,268.21,148,148,1e-05,0,0,0,0,0,0,0,0,0,270.998,True
SPY,2025-02-21,0.019178,340,Call,250.16,261.32,263.24,0,421,1e-05,0,0,0,0,0,0,0,0,0,266.002,True
SPY,2025-02-21,0.019178,345,Call,248.43,257,258.24,148,148,1e-05,0,0,0,0,0,0,0,0,0,261.006,True
SPY,2025-02-21,0.019178,350,Call,260.09,257.02,257.78,3,158,1.83545,0,0,0,0,0,0,0,0,0,256.01,True
SPY,2025-02-21,0.019178,355,Call,237.76,247.03,248.25,0,449,1e-05,0,0,0,0,0,0,0,0,0,251.014,True
SPY,2025-02-21,0.019178,360,Call,232.89,242.04,243.93,0,76,1e-05,0,0,0,0,0,0,0,0,0,246.018,True
SPY,2025-02-21,0.019178,365,Call,239.94,241.8,242.5,1,5,1.6582,0,0,0,0,0,0,0,0,0,241.022,True
SPY,2025-02-21,0.019178,370,Call,223.08,231.4,234.03,74,75,1e-05,0,0,0,0,0,0,0,0,0,236.026,True
SPY,2025-02-21,0.019178,375,Call,229.57,231.87,232.49,2,75,1.58667,0,0,0,0,0,0,0,0,0,231.031,True
SPY,2025-02-21,0.019178,380,Call,214.33,222.11,223.35,0,74,1e-05,0,0,0,0,0,0,0,0,0,226.035,True
SPY,2025-02-21,0.019178,385,Call,193.88,221.87,222.51,40,115,1.51221,0,0,0,0,0,0,0,0,0,221.039,True
SPY,2025-02-21,0.019178,390,Call,213.77,215.32,218.53,0,2,1.41748,0,0,0,0,0,0,0,0,0,218.085,True
SPY,2025-02-21,0.019178,395,Call,210.29,212.07,212.83,1,167,1.48633,0,0,0,0,0,0,0,0,0,211.047,True
SPY,2025-02-21,0.019178,400,Call,207.5,207.23,207.53,1,16,1.43604,0,0,0,0,0,0,0,0,0,206.051,True
SPY,2025-02-21,0.019178,405,Call,199,201.9,202.72,16,62,1.38672,0,0,0,0,0,0,0,0,0,201.055,True
SPY,2025-02-21,0.019178,410,Call,192.5,196.93,197.59,1,25,1.34131,0,0,0,0,0,0,0,0,0,196.059,True
SPY,2025-02-21,0.019178,415,Call,184.35,192.11,192.85,4,73,1.34229,0,0,0,0,0,0,0,0,0,191.063,True
SPY,2025-02-21,0.019178,420,Call,168.2,181.69,184.11,2,8,1e-05,0,0,0,0,0,0,0,0,0,186.067,True
SPY,2025-02-21,0.019178,425,Call,173.97,181.93,182.61,15,20,1.23633,0,0,0,0,0,0,0,0,0,181.071,True
SPY,2025-02-21,0.019178,430,Call,175.86,177.17,177.9,3,42,1.24268,0,0,0,0,0,0,0,0,0,176.075,True
SPY,2025-02-21,0.019178,435,Call,168.08,172.21,172.83,4,22,1.20508,0,0,0,0,0,0,0,0,0,171.079,True
SPY,2025-02-21,0.019178,440,Call,163.21,167.15,167.98,4,876,1.17627,0,0,0,0,0,0,0,0,0,166.083,True
SPY,2025-02-21,0.019178,445,Call,154.83,162.16,162.97,2,25,1.14112,0,0,0,0,0,0,0,0,0,161.087,True
SPY,2025-02-21,0.019178,450,Call,151.63,156.98,157.85,5,52,1.08594,0,0,0,0,0,0,0,0,0,156.091,True
SPY,2025-02-21,0.019178,455,Call,150.48,152.06,152.65,5,53,1.04371,0,0,0,0,0,0,0,0,0,151.095,True
SPY,2025-02-21,0.019178,460,Call,142.24,147.19,147.93,5,82,1.03711,0,0,0,0,0,0,0,0,0,146.099,True
SPY,2025-02-21,0.019178,465,Call,135,142,142.66,2,24,0.973633,0,0,0,0,0,0,0,0,0,141.103,True
SPY,2025-02-21,0.019178,470,Call,131.63,137.01,137.63,1,29,0.93921,0,0,0,0,0,0,0,0,0,136.107,True
SPY,2025-02-21,0.019178,475,Call,124.84,132.2,132.63,6,56,0.918702,0,0,0,0,0,0,0,0,0,131.111,True
SPY,2025-02-21,0.019178,480,Call,121.25,127.22,127.96,2,54,0.906251,0,0,0,0,0,0,0,0,0,126.115,True
SPY,2025-02-21,0.019178,485,Call,120.6,122.07,122.65,2,54,0.846681,0,0,0,0,0,0,0,0,0,121.119,True
SPY,2025-02-21,0.019178,490,Call,112.11,117.05,117.66,3,17,0.813845,0,0,0,0,0,0,0,0,0,116.123,True
SPY,2025-02-21,0.019178,495,Call,110.55,112.06,112.67,2,30,0.782961,0,0,0,0,0,0,0,0,0,111.127,True
SPY,2025-02-21,0.019178,500,Call,103.36,107.31,108,5,590,0.781252,0,0,0,0,0,0,0,0,0,106.131,True
SPY,2025-02-21,0.019178,505,Call,100.76,102.31,103.03,3,670,0.750003,0,0,0,0,0,0,0,0,0,101.136,True
SPY,2025-02-21,0.019178,510,Call,95.3,97.32,97.9,1,934,0.711673,0,0,0,0,0,0,0,0,0,96.1395,True
SPY,2025-02-21,0.019178,515,Call,89.76,92.1,92.71,1,275,0.659916,0,0,0,0,0,0,0,0,0,91.1436,True
SPY,2025-02-21,0.019178,520,Call,87.57,87.12,87.72,1,369,0.629764,0,0,0,0,0,0,0,0,0,86.1476,True
SPY,2025-02-21,0.019178,525,Call,76.34,82.13,82.99,2,353,0.6106,0,0,0,0,0,0,0,0,0,81.1517,True
SPY,2025-02-21,0.019178,526,Call,76.33,81.33,82.04,2,10,0.61475,0,0,0,0,0,0,0,0,0,80.1525,True
SPY,2025-02-21,0.019178,527,Call,73.42,80.38,81.07,1,200,0.611576,0,0,0,0,0,0,0,0,0,79.1533,True
SPY,2025-02-21,0.019178,528,Call,77.83,79.35,80.17,1,659,0.607914,0,0,0,0,0,0,0,0,0,78.1541,True
SPY,2025-02-21,0.019178,529,Call,65.27,0,0,5,203,1e-05,0,0,0,0,0,0,0,0,0,77.1549,True
SPY,2025-02-21,0.019178,530,Call,69.6,77.32,77.74,1,327,0.576054,0,0,0,0,0,0,0,0,0,76.1557,True
SPY,2025-02-21,0.019178,531,Call,74.71,76.35,77.18,1,2,0.588627,0,0,0,0,0,0,0,0,0,75.1565,True
SPY,2025-02-21,0.019178,532,Call,77.6,74.98,75.79,1,96,0.55103,0,0,0,0,0,0,0,0,0,74.1573,True
SPY,2025-02-21,0.019178,533,Call,66.79,73.97,74.81,1,325,0.545171,0,0,0,0,0,0,0,0,0,73.1581,True
SPY,2025-02-21,0.019178,534,Call,59.58,72.98,73.8,1,332,0.538823,0,0,0,0,0,0,0,0,0,72.1589,True
SPY,2025-02-21,0.019178,535,Call,70.41,72.33,73.01,1,133,0.555302,0,0,0,0,0,0,0,0,0,71.1597,True
SPY,2025-02-21,0.019178,536,Call,65.5,71.4,72.09,1,204,0.55457,0,0,0,0,0,0,0,0,0,70.1605,True
SPY,2025-02-21,0.019178,537,Call,70.2,70.02,70.81,1,101,0.5221,0,0,0,0,0,0,0,0,0,69.1613,True
SPY,2025-02-21,0.019178,538,Call,67.76,69.13,69.81,2,106,0.520268,0,0,0,0,0,0,0,0,0,68.1622,True
SPY,2025-02-21,0.019178,539,Call,58.17,68.11,68.82,4,14,0.513433,0,0,0,0,0,0,0,0,0,67.163,True
SPY,2025-02-21,0.019178,540,Call,67.1,67.46,68.02,4,960,0.528081,0,0,0,0,0,0,0,0,0,66.1638,True
SPY,2025-02-21,0.019178,541,Call,44.7,66.34,66.81,1,398,0.509282,0,0,0,0,0,0,0,0,0,65.1646,True
SPY,2025-02-21,0.019178,542,Call,54.96,65.02,65.83,1,352,0.521489,0,0,0,0,0,0,0,0,0,64.1654,True
SPY,2025-02-21,0.019178,543,Call,58.42,64.11,64.83,20,544,0.514897,0,0,0,0,0,0,0,0,0,63.1662,True
SPY,2025-02-21,0.019178,544,Call,56.95,63.73,64.3,4,270,0.521001,0,0,0,0,0,0,0,0,0,62.167,True
SPY,2025-02-21,0.019178,545,Call,57.96,62.61,62.74,4,308,0.495611,0,0,0,0,0,0,0,0,0,61.1678,True
SPY,2025-02-21,0.019178,546,Call,56.53,61.66,61.79,2,72,0.492437,0,0,0,0,0,0,0,0,0,60.1686,True
SPY,2025-02-21,0.019178,547,Call,57.36,60.61,60.75,1,150,0.483159,0,0,0,0,0,0,0,0,0,59.1694,True
SPY,2025-02-21,0.019178,548,Call,54.06,59.55,59.69,4,462,0.472539,0,0,0,0,0,0,0,0,0,58.1702,True
SPY,2025-02-21,0.019178,549,Call,56.78,58.49,58.63,1,418,0.461797,0,0,0,0,0,0,0,0,0,57.171,True
SPY,2025-02-21,0.019178,550,Call,56.88,57.6,57.73,5,7436,0.462164,0,0,0,0,0,0,0,0,0,56.1718,True
SPY,2025-02-21,0.019178,551,Call,43.28,56.98,57.12,4,782,0.480596,0,0,0,0,0,0,0,0,0,55.1727,True
SPY,2025-02-21,0.019178,552,Call,50.73,55.72,55.85,31,1031,0.456915,0,0,0,0,0,0,0,0,0,54.1735,True
SPY,2025-02-21,0.019178,553,Call,58.34,54.6,54.73,500,309,0.44251,0,0,0,0,0,0,0,0,0,53.1743,True
SPY,2025-02-21,0.019178,554,Call,54.36,53.76,53.92,1,577,0.448004,0,0,0,0,0,0,0,0,0,52.1751,True
SPY,2025-02-21,0.019178,555,Call,49.84,52.63,52.76,26,10598,0.43128,0,0,0,0,0,0,0,0,0,51.1759,True
SPY,2025-02-21,0.019178,556,Call,46.44,51.61,51.74,1,240,0.423468,0,0,0,0,0,0,0,0,0,50.1767,True
SPY,2025-02-21,0.019178,557,Call,47.4,50.63,50.76,10,234,0.418097,0,0,0,0,0,0,0,0,0,49.1775,True
SPY,2025-02-21,0.019178,558,Call,49.42,49.6,49.73,10,220,0.409674,0,0,0,0,0,0,0,0,0,48.1783,True
SPY,2025-02-21,0.019178,559,Call,45.44,48.89,49.02,10,331,0.420355,0,0,0,0,0,0,0,0,0,47.1791,True
SPY,2025-02-21,0.019178,560,Call,47.35,47.66,47.79,5,11812,0.40003,0,0,0,0,0,0,0,0,0,46.1799,True
SPY,2025-02-21,0.019178,561,Call,41.97,46.54,46.67,3,114,0.386115,0,0,0,0,0,0,0,0,0,45.1807,True
SPY,2025-02-21,0.019178,562,Call,43.4,45.59,45.72,3,207,0.382575,0,0,0,0,0,0,0,0,0,44.1815,True
SPY,2025-02-21,0.019178,563,Call,43.57,44.65,44.8,2,104,0.380621,0,0,0,0,0,0,0,0,0,43.1823,True
SPY,2025-02-21,0.019178,564,Call,44.33,43.66,43.79,16,172,0.373297,0,0,0,0,0,0,0,0,0,42.1832,True
SPY,2025-02-21,0.019178,565,Call,40.24,42.66,42.79,1,10349,0.366583,0,0,0,0,0,0,0,0,0,41.184,True
SPY,2025-02-21,0.019178,566,Call,38.74,42,42.13,2,129,0.378424,0,0,0,0,0,0,0,0,0,40.1848,True
SPY,2025-02-21,0.019178,567,Call,38.8,40.54,40.9,1,207,0.359198,0,0,0,0,0,0,0,0,0,39.1856,True
SPY,2025-02-21,0.019178,568,Call,40.23,39.78,39.9,3,203,0.352362,0,0,0,0,0,0,0,0,0,38.1864,True
SPY,2025-02-21,0.019178,569,Call,35.38,38.67,38.8,1,141,0.340094,0,0,0,0,0,0,0,0,0,37.1872,True
SPY,2025-02-21,0.019178,570,Call,37.97,37.69,37.8,34,1109,0.333381,0,0,0,0,0,0,0,0,0,36.188,True
SPY,2025-02-21,0.019178,571,Call,35.36,37.04,37.18,2,549,0.345954,0,0,0,0,0,0,0,0,0,35.1888,True
SPY,2025-02-21,0.019178,572,Call,32.33,36.04,36.17,2,297,0.338386,0,0,0,0,0,0,0,0,0,34.1896,True
SPY,2025-02-21,0.019178,573,Call,33.29,34.71,34.84,3,264,0.314826,0,0,0,0,0,0,0,0,0,33.1904,True
SPY,2025-02-21,0.019178,574,Call,31.45,33.72,33.84,1,379,0.30799,0,0,0,0,0,0,0,0,0,32.1912,True
SPY,2025-02-21,0.019178,575,Call,32.74,32.73,32.84,4,25290,0.301032,0,0,0,0,0,0,0,0,0,31.192,True
SPY,2025-02-21,0.019178,576,Call,31.5,31.64,31.77,50,638,0.290595,0,0,0,0,0,0,0,0,0,30.1928,True
SPY,2025-02-21,0.019178,577,Call,28.4,31.08,31.22,11,387,0.304939,0,0,0,0,0,0,0,0,0,29.1937,True
SPY,2025-02-21,0.019178,578,Call,27.46,29.78,29.9,1,825,0.282966,0,0,0,0,0,0,0,0,0,28.1945,True
SPY,2025-02-21,0.019178,579,Call,26.17,28.67,28.79,4,951,0.270637,0,0,0,0,0,0,0,0,0,27.1953,True
SPY,2025-02-21,0.019178,580,Call,28.06,27.85,27.98,13,11116,0.272346,0,0,0,0,0,0,0,0,0,26.1961,True
SPY,2025-02-21,0.019178,581,Call,27.15,26.79,26.91,4,860,0.262031,0,0,0,0,0,0,0,0,0,25.1969,True
SPY,2025-02-21,0.019178,582,Call,24,26.16,26.3,2,1338,0.271736,0,0,0,0,0,0,0,0,0,24.1977,True
SPY,2025-02-21,0.019178,583,Call,21.47,24.87,24.99,3,1693,0.251106,0,0,0,0,0,0,0,0,0,23.1985,True
SPY,2025-02-21,0.019178,584,Call,23.41,23.84,23.96,2,1878,0.242439,0,0,0,0,0,0,0,0,0,22.1993,True
SPY,2025-02-21,0.019178,585,Call,23.42,23.23,23.35,5,12834,0.251106,0,0,0,0,0,0,0,0,0,21.2001,True
SPY,2025-02-21,0.019178,586,Call,21.62,21.95,22.07,8,1572,0.232185,0,0,0,0,0,0,0,0,0,20.2009,True
SPY,2025-02-21,0.019178,587,Call,21.03,20.97,21.08,3,2020,0.225105,0,0,0,0,0,0,0,0,0,19.2017,True
SPY,2025-02-21,0.019178,588,Call,20.17,19.97,20.08,20,4802,0.217476,0,0,0,0,0,0,0,0,0,18.2025,True
SPY,2025-02-21,0.019178,589,Call,19.18,19.08,19.2,20,1564,0.214363,0,0,0,0,0,0,0,0,0,17.2033,True
SPY,2025-02-21,0.019178,590,Call,18.33,18.47,18.58,111,30448,0.220528,0,0,0,0,0,0,0,0,0,16.2042,True
SPY,2025-02-21,0.019178,591,Call,16.63,17.54,17.66,9,2885,0.215157,0,0,0,0,0,0,0,0,0,15.2909,True
SPY,2025-02-21,0.019178,592,Call,16.64,16.29,16.39,1,3432,0.197457,0,0,0,0,0,0,0,0,0,14.3194,True
SPY,2025-02-21,0.019178,593,Call,15.69,15.41,15.51,114,2808,0.193367,0,0,0,0,0,0,0,0,0,13.4258,True
SPY,2025-02-21,0.019178,594,Call,14.7,14.49,14.59,8,2254,0.187691,0,0,0,0,0,0,0,0,0,12.5349,True
SPY,2025-02-21,0.019178,595,Call,13.75,13.64,13.73,619,31958,0.183724,0,0,0,0,0,0,0,0,0,11.6798,True
SPY,2025-02-21,0.019178,596,Call,12.97,13.01,13.1,13,3010,0.186593,0,0,0,0,0,0,0,0,0,10.8165,True
SPY,2025-02-21,0.019178,597,Call,12.22,11.84,11.92,69,2833,0.171883,0,0,0,0,0,0,0,0,0,9.9454,True
SPY,2025-02-21,0.019178,598,Call,11.4,11.22,11.29,574,3108,0.173836,0,0,0,0,0,0,0,0,0,9.12547,True
SPY,2025-02-21,0.019178,599,Call,10.4,10.17,10.24,172,3579,0.162728,0,0,0,0,0,0,0,0,0,8.35624,True
SPY,2025-02-21,0.019178,600,Call,9.43,9.28,9.34,2979,16996,0.155831,0,0,0,0,0,0,0,0,0,7.65753,True
SPY,2025-02-21,0.019178,601,Call,8.91,8.57,8.62,353,4590,0.153573,0,0,0,0,0,0,0,0,0,6.82686,True
SPY,2025-02-21,0.019178,602,Call,7.81,7.72,7.77,649,7855,0.147103,0,0,0,0,0,0,0,0,0,6.1629,True
SPY,2025-02-21,0.019178,603,Call,7.01,7.05,7.09,1201,7916,0.144784,0,0,0,0,0,0,0,0,0,5.49121,True
SPY,2025-02-21,0.019178,604,Call,6.44,6.32,6.36,3173,14842,0.14045,0,0,0,0,0,0,0,0,0,4.81371,True
SPY,2025-02-21,0.019178,605,Call,5.66,5.61,5.62,15646,38252,0.13514,0,0,0,0,0,0,0,0,0,4.22599,True
SPY,2025-02-21,0.019178,606,Call,4.95,5,5.02,4546,7348,0.13276,0,0,0,0,0,0,0,0,0,3.69934,False
SPY,2025-02-21,0.019178,607,Call,4.35,4.39,4.4,3663,5619,0.129037,0,0,0,0,0,0,0,0,0,3.1384,False
SPY,2025-02-21,0.019178,608,Call,3.76,3.79,3.81,2866,15929,0.125192,0,0,0,0,0,0,0,0,0,2.7034,False
SPY,2025-02-21,0.019178,609,Call,3.29,3.22,3.24,1212,4266,0.120889,0,0,0,0,0,0,0,0,0,2.20701,False
SPY,2025-02-21,0.019178,610,Call,2.74,2.73,2.75,10793,46301,0.117685,0,0,0,0,0,0,0,0,0,1.82019,False
SPY,2025-02-21,0.019178,611,Call,2.29,2.3,2.31,528,4686,0.114816,0,0,0,0,0,0,0,0,0,1.49482,False
SPY,2025-02-21,0.019178,612,Call,1.87,1.88,1.9,1909,5931,0.11152,0,0,0,0,0,0,0,0,0,1.16744,False
SPY,2025-02-21,0.019178,613,Call,1.53,1.6,1.61,1854,8824,0.110788,0,0,0,0,0,0,0,0,0,0.946746,False
SPY,2025-02-21,0.019178,614,Call,1.28,1.22,1.23,875,6355,0.105722,0,0,0,0,0,0,0,0,0,0.707254,False
SPY,2025-02-21,0.019178,615,Call,0.96,0.93,0.94,8250,36106,0.10206,0,0,0,0,0,0,0,0,0,0.549514,False
SPY,2025-02-21,0.019178,616,Call,0.73,0.73,0.74,1711,6444,0.100412,0,0,0,0,0,0,0,0,0,0.406164,False
SPY,2025-02-21,0.019178,617,Call,0.55,0.54,0.55,2265,3117,0.0976042,0,0,0,0,0,0,0,0,0,0.300165,False
SPY,2025-02-21,0.019178,618,Call,0.42,0.41,0.42,580,12761,0.0963225,0,0,0,0,0,0,0,0,0,0.231828,False
SPY,2025-02-21,0.019178,619,Call,0.35,0.33,0.34,809,5624,0.0966887,0,0,0,0,0,0,0,0,0,0.17145,False
SPY,2025-02-21,0.019178,620,Call,0.24,0.24,0.25,5877,26038,0.0952239,0,0,0,0,0,0,0,0,0,0.124607,False
SPY,2025-02-21,0.019178,621,Call,0.18,0.16,0.17,247,3921,0.0927825,0,0,0,0,0,0,0,0,0,0.0969731,False
SPY,2025-02-21,0.019178,622,Call,0.13,0.12,0.13,183,5416,0.0927825,0,0,0,0,0,0,0,0,0,0.0704063,False
SPY,2025-02-21,0.019178,623,Call,0.1,0.09,0.1,64,6712,0.0930266,0,0,0,0,0,0,0,0,0,0.0564938,False
SPY,2025-02-21,0.019178,624,Call,0.07,0.07,0.08,30,3203,0.0940032,0,0,0,0,0,0,0,0,0,0.0432114,False
SPY,2025-02-21,0.019178,625,Call,0.06,0.05,0.06,356,35330,0.0942473,0,0,0,0,0,0,0,0,0,0.0418781,False
SPY,2025-02-21,0.019178,630,Call,0.02,0.01,0.02,276,15244,0.0996184,0,0,0,0,0,0,0,0,0,0.0161456,False
SPY,2025-02-21,0.019178,635,Call,0.01,0.01,0.02,281,14809,0.117196,0,0,0,0,0,0,0,0,0,0.0144542,False
SPY,2025-02-21,0.019178,640,Call,0.01,0,0.01,2129,10612,0.125009,0,0,0,0,0,0,0,0,0,0.0132665,False
SPY,2025-02-21,0.019178,645,Call,0.01,0,0.01,5,6755,0.140634,0,0,0,0,0,0,0,0,0,0.0123973,False
SPY,2025-02-21,0.019178,650,Call,0.01,0,0.01,1,11346,0.156258,0,0,0,0,0,0,0,0,0,0.00770918,False
SPY,2025-02-21,0.019178,655,Call,0.01,0,0.01,29,3601,0.171883,0,0,0,0,0,0,0,0,0,0.00733727,False
SPY,2025-02-21,0.019178,660,Call,0.01,0,0.01,2004,10620,0.187508,0,0,0,0,0,0,0,0,0,0.00702744,False
SPY,2025-02-21,0.019178,665,Call,0.01,0,0.01,1,18405,0.203133,0,0,0,0,0,0,0,0,0,0.0067703,False
SPY,2025-02-21,0.019178,670,Call,0.01,0,0.01,1,23919,0.218758,0,0,0,0,0,0,0,0,0,0.0065532,False
SPY,2025-02-21,0.019178,675,Call,0.01,0,0.01,2391,11491,0.230476,0,0,0,0,0,0,0,0,0,0.00636182,False
SPY,2025-02-21,0.019178,680,Call,0.01,0,0.01,5000,5345,0.246101,0,0,0,0,0,0,0,0,0,0.00620134,False
SPY,2025-02-21,0.019178,685,Call,0.01,0,0.01,1,6884,0.25782,0,0,0,0,0,0,0,0,0,0.00605765,False
SPY,2025-02-21,0.019178,690,Call,0.01,0,0.01,1,1560,0.273445,0,0,0,0,0,0,0,0,0,0.00593072,False
SPY,2025-02-21,0.019178,695,Call,0.01,0,0.01,3,6412,0.28907,0,0,0,0,0,0,0,0,0,0.005816,False
SPY,2025-02-21,0.019178,700,Call,0.01,0,0.01,12,7770,0.300788,0,0,0,0,0,0,0,0,0,0.00571264,False
SPY,2025-02-21,0.019178,705,Call,0.01,0,0.01,1100,4747,0.312507,0,0,0,0,0,0,0,0,0,0.00561828,False
SPY,2025-02-21,0.019178,710,Call,0.01,0,0.01,260,3352,0.328132,0,0,0,0,0,0,0,0,0,0.00551543,False
SPY,2025-02-21,0.019178,715,Call,0.01,0,0.01,1,3329,0.343757,0,0,0,0,0,0,0,0,0,0.00545524,False
SPY,2025-02-21,0.019178,720,Call,0.01,0,0.01,62,5784,0.355475,0,0,0,0,0,0,0,0,0,0.00538203,False
SPY,2025-02-21,0.019178,725,Call,0.01,0,0.01,10,16094,0.367194,0,0,0,0,0,0,0,0,0,0.00531444,False
SPY,2025-02-21,0.019178,730,Call,0.01,0,0.01,13290,15504,0.382819,0,0,0,0,0,0,0,0,0,0.00525358,False
SPY,2025-02-21,0.019178,735,Call,0.01,0,0.01,300,2155,0.390631,0,0,0,0,0,0,0,0,0,0.00519996,False
SPY,2025-02-21,0.019178,740,Call,0.01,0,0.01,28,5751,0.406256,0,0,0,0,0,0,0,0,0,0.00513491,False
SPY,2025-02-21,0.019178,745,Call,0.01,0,0.01,28,2348,0.417975,0,0,0,0,0,0,0,0,0,0.00509081,False
SPY,2025-02-21,0.019178,750,Call,0.01,0,0.01,28,419,0.429693,0,0,0,0,0,0,0,0,0,0.00504465,False
SPY,2025-02-21,0.019178,755,Call,0.01,0,0.01,27,405,0.445318,0,0,0,0,0,0,0,0,0,0.00499869,False
SPY,2025-02-21,0.019178,760,Call,0.01,0,0.01,27,2266,0.45313,0,0,0,0,0,0,0,0,0,0.00495972,False
SPY,2025-02-21,0.019178,765,Call,0.01,0,0.01,27,931,0.468755,0,0,0,0,0,0,0,0,0,0.00491624,False
SPY,2025-02-21,0.019178,770,Call,0.01,0,0.01,4270,6970,0.476568,0,0,0,0,0,0,0,0,0,0.00487927,False
SPY,2025-02-21,0.019178,775,Call,0.01,0,0.01,3245,8575,0.492193,0,0,0,0,0,0,0,0,0,0.00484318,False
SPY,2025-02-21,0.019178,780,Call,0.02,0,0.01,38,483,0.500005,0,0,0,0,0,0,0,0,0,0.0102426,False
SPY,2025-02-21,0.019178,785,Call,0.01,0,0.01,36,604,0.51563,0,0,0,0,0,0,0,0,0,0.00477464,False
SPY,2025-02-21,0.019178,790,Call,0.01,0,0.01,2,401,0.500005,0,0,0,0,0,0,0,0,0,0.00474422,False
SPY,2025-02-21,0.019178,795,Call,0.01,0,0.01,1108,3808,0.51563,0,0,0,0,0,0,0,0,0,0.00471357,False
SPY,2025-02-21,0.019178,800,Call,0.01,0,0.01,4,1800,0.51563,0,0,0,0,0,0,0,0,0,0.00466489,False
SPY,2025-02-21,0.019178,300,Put,0.01,0,0.01,6,13624,1.28125,0,0,0,0,0,0,0,0,0,0.00353952,False
SPY,2025-02-21,0.019178,305,Put,0.01,0,0.01,699,12444,1.25,0,0,0,0,0,0,0,0,0,0.0035385,False
SPY,2025-02-21,0.019178,310,Put,0.01,0,0.01,1000,10090,1.21875,0,0,0,0,0,0,0,0,0,0.00354367,False
SPY,2025-02-21,0.019178,315,Put,0.01,0,0.01,1,7742,1.1875,0,0,0,0,0,0,0,0,0,0.0077363,False
SPY,2025-02-21,0.019178,320,Put,0.01,0,0.01,1,1698,1.15625,0,0,0,0,0,0,0,0,0,0.00354533,False
SPY,2025-02-21,0.019178,325,Put,0.01,0,0.01,3,10655,1.125,0,0,0,0,0,0,0,0,0,0.00354549,False
SPY,2025-02-21,0.019178,330,Put,0.01,0,0.01,19,6971,1.125,0,0,0,0,0,0,0,0,0,0.00354674,False
SPY,2025-02-21,0.019178,335,Put,0.01,0,0.01,30,3719,1.09375,0,0,0,0,0,0,0,0,0,0.00354643,False
SPY,2025-02-21,0.019178,340,Put,0.01,0,0.01,30,9003,1.0625,0,0,0,0,0,0,0,0,0,0.00354718,False
SPY,2025-02-21,0.019178,345,Put,0.01,0,0.01,473,15623,1.03125,0,0,0,0,0,0,0,0,0,0.00354809,False
SPY,2025-02-21,0.019178,350,Put,0.01,0,0.01,3,8742,1.00001,0,0,0,0,0,0,0,0,0,0.00354809,False
SPY,2025-02-21,0.019178,355,Put,0.01,0,0.01,153,1783,0.984375,0,0,0,0,0,0,0,0,0,0.00354913,False
SPY,2025-02-21,0.019178,360,Put,0.01,0,0.01,37,1866,0.96875,0,0,0,0,0,0,0,0,0,0.00355014,False
SPY,2025-02-21,0.019178,365,Put,0.01,0,0.01,1005,4935,0.937501,0,0,0,0,0,0,0,0,0,0.00354931,False
SPY,2025-02-21,0.019178,370,Put,0.01,0,0.01,50,2036,0.906251,0,0,0,0,0,0,0,0,0,0.00354979,False
SPY,2025-02-21,0.019178,375,Put,0.01,0,0.01,15,14432,0.890626,0,0,0,0,0,0,0,0,0,0.00354946,False
SPY,2025-02-21,0.019178,380,Put,0.01,0,0.01,42,13103,0.875001,0,0,0,0,0,0,0,0,0,0.00354942,False
SPY,2025-02-21,0.019178,385,Put,0.01,0,0.01,230,6545,0.843752,0,0,0,0,0,0,0,0,0,0.00558244,False
SPY,2025-02-21,0.019178,390,Put,0.01,0,0.01,80,4397,0.812502,0,0,0,0,0,0,0,0,0,0.00561234,False
SPY,2025-02-21,0.019178,395,Put,0.01,0,0.01,3,2127,0.796877,0,0,0,0,0,0,0,0,0,0.00561425,False
SPY,2025-02-21,0.019178,400,Put,0.01,0,0.01,863,90780,0.781252,0,0,0,0,0,0,0,0,0,0.00561193,False
SPY,2025-02-21,0.019178,405,Put,0.01,0,0.01,1,2197,0.750003,0,0,0,0,0,0,0,0,0,0.00560348,False
SPY,2025-02-21,0.019178,410,Put,0.02,0,0.01,2,80565,0.734378,0,0,0,0,0,0,0,0,0,0.00561147,False
SPY,2025-02-21,0.019178,415,Put,0.02,0,0.01,70,11681,0.718753,0,0,0,0,0,0,0,0,0,0.00560685,False
SPY,2025-02-21,0.019178,420,Put,0.01,0,0.01,1001,81928,0.687503,0,0,0,0,0,0,0,0,0,0.00560693,False
SPY,2025-02-21,0.019178,425,Put,0.01,0.01,0.02,18,2219,0.726565,0,0,0,0,0,0,0,0,0,0.00999323,False
SPY,2025-02-21,0.019178,430,Put,0.01,0.01,0.02,4,6920,0.703128,0,0,0,0,0,0,0,0,0,0.00999089,False
SPY,2025-02-21,0.019178,435,Put,0.01,0.01,0.02,1,2968,0.679691,0,0,0,0,0,0,0,0,0,0.00998722,False
SPY,2025-02-21,0.019178,440,Put,0.01,0.01,0.02,522,9784,0.66016,0,0,0,0,0,0,0,0,0,0.00998191,False
SPY,2025-02-21,0.019178,445,Put,0.02,0.01,0.02,2,5318,0.640629,0,0,0,0,0,0,0,0,0,0.0146048,False
SPY,2025-02-21,0.019178,450,Put,0.02,0.01,0.02,1003,157638,0.617191,0,0,0,0,0,0,0,0,0,0.0145983,False
SPY,2025-02-21,0.019178,455,Put,0.02,0.01,0.02,202,2363,0.593754,0,0,0,0,0,0,0,0,0,0.0146023,False
SPY,2025-02-21,0.019178,460,Put,0.02,0.02,0.03,2,152978,0.601566,0,0,0,0,0,0,0,0,0,0.0193851,False
SPY,2025-02-21,0.019178,465,Put,0.03,0.02,0.03,39,4180,0.578129,0,0,0,0,0,0,0,0,0,0.019372,False
SPY,2025-02-21,0.019178,470,Put,0.03,0.02,0.03,1,152197,0.558598,0,0,0,0,0,0,0,0,0,0.0193559,False
SPY,2025-02-21,0.019178,475,Put,0.04,0.03,0.04,4,6414,0.552739,0,0,0,0,0,0,0,0,0,0.0242802,False
SPY,2025-02-21,0.019178,480,Put,0.03,0.03,0.04,61,22244,0.531255,0,0,0,0,0,0,0,0,0,0.0242561,False
SPY,2025-02-21,0.019178,485,Put,0.04,0.03,0.04,51,2356,0.509771,0,0,0,0,0,0,0,0,0,0.0292879,False
SPY,2025-02-21,0.019178,490,Put,0.04,0.04,0.05,96,4446,0.500005,0,0,0,0,0,0,0,0,0,0.0344102,False
SPY,2025-02-21,0.019178,495,Put,0.05,0.04,0.05,2,5850,0.48438,0,0,0,0,0,0,0,0,0,0.0343616,False
SPY,2025-02-21,0.019178,500,Put,0.06,0.05,0.06,408,104850,0.470708,0,0,0,0,0,0,0,0,0,0.0395509,False
SPY,2025-02-21,0.019178,505,Put,0.06,0.05,0.06,11,17212,0.449224,0,0,0,0,0,0,0,0,0,0.0448032,False
SPY,2025-02-21,0.019178,510,Put,0.07,0.06,0.07,23,92402,0.434576,0,0,0,0,0,0,0,0,0,0.0447081,False
SPY,2025-02-21,0.019178,515,Put,0.07,0.06,0.07,95,7792,0.412115,0,0,0,0,0,0,0,0,0,0.0499898,False
SPY,2025-02-21,0.019178,520,Put,0.08,0.07,0.08,3,118931,0.39649,0,0,0,0,0,0,0,0,0,0.0552959,False
SPY,2025-02-21,0.019178,525,Put,0.09,0.07,0.08,1519,59500,0.37403,0,0,0,0,0,0,0,0,0,0.0606247,False
SPY,2025-02-21,0.019178,526,Put,0.07,0.07,0.08,1662,2698,0.370123,0,0,0,0,0,0,0,0,0,0.0605665,False
SPY,2025-02-21,0.019178,527,Put,0.11,0.08,0.09,4,1808,0.3711,0,0,0,0,0,0,0,0,0,0.0605357,False
SPY,2025-02-21,0.019178,528,Put,0.1,0.08,0.09,1004,1625,0.366217,0,0,0,0,0,0,0,0,0,0.0604897,False
SPY,2025-02-21,0.019178,529,Put,0.13,0.08,0.09,8,2135,0.362311,0,0,0,0,0,0,0,0,0,0.0660033,False
SPY,2025-02-21,0.019178,530,Put,0.09,0.08,0.09,1305,16974,0.357428,0,0,0,0,0,0,0,0,0,0.0659546,False
SPY,2025-02-21,0.019178,531,Put,0.09,0.08,0.09,6,1011,0.352546,0,0,0,0,0,0,0,0,0,0.0658978,False
SPY,2025-02-21,0.019178,532,Put,0.11,0.08,0.09,7,1416,0.348639,0,0,0,0,0,0,0,0,0,0.0658413,False
SPY,2025-02-21,0.019178,533,Put,0.08,0.08,0.09,3,2723,0.343757,0,0,0,0,0,0,0,0,0,0.0657811,False
SPY,2025-02-21,0.019178,534,Put,0.08,0.09,0.1,5,1796,0.343757,0,0,0,0,0,0,0,0,0,0.0713316,False
SPY,2025-02-21,0.019178,535,Put,0.09,0.09,0.1,22,7986,0.33985,0,0,0,0,0,0,0,0,0,0.0712623,False
SPY,2025-02-21,0.019178,536,Put,0.09,0.09,0.1,5,1614,0.334968,0,0,0,0,0,0,0,0,0,0.0711946,False
SPY,2025-02-21,0.019178,537,Put,0.08,0.09,0.1,9,2539,0.330573,0,0,0,0,0,0,0,0,0,0.0711204,False
SPY,2025-02-21,0.019178,538,Put,0.12,0.09,0.1,3,1504,0.326179,0,0,0,0,0,0,0,0,0,0.071044,False
SPY,2025-02-21,0.019178,539,Put,0.1,0.09,0.1,1,1404,0.321296,0,0,0,0,0,0,0,0,0,0.0766157,False
SPY,2025-02-21,0.019178,540,Put,0.1,0.09,0.1,27,29768,0.31739,0,0,0,0,0,0,0,0,0,0.0765291,False
SPY,2025-02-21,0.019178,541,Put,0.1,0.1,0.11,841,1005,0.316413,0,0,0,0,0,0,0,0,0,0.0764402,False
SPY,2025-02-21,0.019178,542,Put,0.1,0.1,0.11,10,2068,0.312019,0,0,0,0,0,0,0,0,0,0.0820373,False
SPY,2025-02-21,0.019178,543,Put,0.11,0.1,0.11,1,2098,0.307624,0,0,0,0,0,0,0,0,0,0.0819383,False
SPY,2025-02-21,0.019178,544,Put,0.18,0.1,0.11,7,1374,0.302741,0,0,0,0,0,0,0,0,0,0.081855,False
SPY,2025-02-21,0.019178,545,Put,0.11,0.1,0.11,7,13545,0.298347,0,0,0,0,0,0,0,0,0,0.0817237,False
SPY,2025-02-21,0.019178,546,Put,0.11,0.1,0.11,17,2445,0.293952,0,0,0,0,0,0,0,0,0,0.0816088,False
SPY,2025-02-21,0.019178,547,Put,0.11,0.11,0.12,2,1721,0.292976,0,0,0,0,0,0,0,0,0,0.0872103,False
SPY,2025-02-21,0.019178,548,Put,0.11,0.11,0.12,3,17886,0.288093,0,0,0,0,0,0,0,0,0,0.0870799,False
SPY,2025-02-21,0.019178,549,Put,0.11,0.11,0.12,1,1564,0.283699,0,0,0,0,0,0,0,0,0,0.0869453,False
SPY,2025-02-21,0.019178,550,Put,0.11,0.11,0.12,88,89742,0.279304,0,0,0,0,0,0,0,0,0,0.0868035,False
SPY,2025-02-21,0.019178,551,Put,0.12,0.11,0.12,72,22538,0.274421,0,0,0,0,0,0,0,0,0,0.0924036,False
SPY,2025-02-21,0.019178,552,Put,0.13,0.12,0.13,11,26285,0.272956,0,0,0,0,0,0,0,0,0,0.0980341,False
SPY,2025-02-21,0.019178,553,Put,0.14,0.12,0.13,1,9566,0.268562,0,0,0,0,0,0,0,0,0,0.0920753,False
SPY,2025-02-21,0.019178,554,Put,0.14,0.12,0.13,1,21729,0.263679,0,0,0,0,0,0,0,0,0,0.0976785,False
SPY,2025-02-21,0.019178,555,Put,0.13,0.12,0.13,43,25381,0.259285,0,0,0,0,0,0,0,0,0,0.103304,False
SPY,2025-02-21,0.019178,556,Put,0.13,0.12,0.13,6,1551,0.25489,0,0,0,0,0,0,0,0,0,0.103097,False
SPY,2025-02-21,0.019178,557,Put,0.14,0.13,0.14,236,31915,0.252937,0,0,0,0,0,0,0,0,0,0.10288,False
SPY,2025-02-21,0.019178,558,Put,0.15,0.13,0.14,5,37259,0.248054,0,0,0,0,0,0,0,0,0,0.105568,False
SPY,2025-02-21,0.019178,559,Put,0.14,0.13,0.14,1,26903,0.24366,0,0,0,0,0,0,0,0,0,0.108247,False
SPY,2025-02-21,0.019178,560,Put,0.13,0.13,0.14,18,38809,0.238777,0,0,0,0,0,0,0,0,0,0.113859,False
SPY,2025-02-21,0.019178,561,Put,0.16,0.14,0.15,1,24031,0.236824,0,0,0,0,0,0,0,0,0,0.11357,False
SPY,2025-02-21,0.019178,562,Put,0.14,0.14,0.15,11,22814,0.231941,0,0,0,0,0,0,0,0,0,0.113279,False
SPY,2025-02-21,0.019178,563,Put,0.15,0.14,0.15,22,7293,0.227059,0,0,0,0,0,0,0,0,0,0.124773,False
SPY,2025-02-21,0.019178,564,Put,0.17,0.14,0.15,1,3320,0.222664,0,0,0,0,0,0,0,0,0,0.130378,False
SPY,2025-02-21,0.019178,565,Put,0.16,0.15,0.16,476,44984,0.219979,0,0,0,0,0,0,0,0,0,0.130006,False
SPY,2025-02-21,0.019178,566,Put,0.16,0.15,0.16,2,2741,0.21534,0,0,0,0,0,0,0,0,0,0.135578,False
SPY,2025-02-21,0.019178,567,Put,0.16,0.15,0.16,8,7992,0.210457,0,0,0,0,0,0,0,0,0,0.141147,False
SPY,2025-02-21,0.019178,568,Put,0.17,0.16,0.17,33,26683,0.207772,0,0,0,0,0,0,0,0,0,0.146696,False
SPY,2025-02-21,0.019178,569,Put,0.18,0.16,0.17,3,4678,0.203133,0,0,0,0,0,0,0,0,0,0.152243,False
SPY,2025-02-21,0.019178,570,Put,0.17,0.17,0.18,3540,101155,0.199959,0,0,0,0,0,0,0,0,0,0.16386,False
SPY,2025-02-21,0.019178,571,Put,0.18,0.17,0.18,26,3785,0.195321,0,0,0,0,0,0,0,0,0,0.169376,False
SPY,2025-02-21,0.019178,572,Put,0.18,0.18,0.19,31,12674,0.191903,0,0,0,0,0,0,0,0,0,0.187221,False
SPY,2025-02-21,0.019178,573,Put,0.19,0.19,0.2,98,5609,0.188729,0,0,0,0,0,0,0,0,0,0.198946,False
SPY,2025-02-21,0.019178,574,Put,0.19,0.19,0.2,23,13386,0.183846,0,0,0,0,0,0,0,0,0,0.210677,False
SPY,2025-02-21,0.019178,575,Put,0.2,0.2,0.21,2732,70916,0.180428,0,0,0,0,0,0,0,0,0,0.216088,False
SPY,2025-02-21,0.019178,576,Put,0.21,0.21,0.22,181,5043,0.17701,0,0,0,0,0,0,0,0,0,0.234144,False
SPY,2025-02-21,0.019178,577,Put,0.22,0.21,0.23,414,6630,0.173348,0,0,0,0,0,0,0,0,0,0.258672,False
SPY,2025-02-21,0.019178,578,Put,0.24,0.23,0.24,185,7621,0.169686,0,0,0,0,0,0,0,0,0,0.270387,False
SPY,2025-02-21,0.019178,579,Put,0.25,0.24,0.25,345,17176,0.16578,0,0,0,0,0,0,0,0,0,0.301667,False
SPY,2025-02-21,0.019178,580,Put,0.26,0.25,0.26,4120,77807,0.161874,0,0,0,0,0,0,0,0,0,0.333208,False
SPY,2025-02-21,0.019178,581,Put,0.27,0.27,0.28,62,7065,0.158944,0,0,0,0,0,0,0,0,0,0.358235,False
SPY,2025-02-21,0.019178,582,Put,0.29,0.3,0.31,102,6101,0.156747,0,0,0,0,0,0,0,0,0,0.396869,False
SPY,2025-02-21,0.019178,583,Put,0.32,0.32,0.33,165,5040,0.153329,0,0,0,0,0,0,0,0,0,0.435769,False
SPY,2025-02-21,0.019178,584,Put,0.35,0.35,0.36,412,6197,0.150765,0,0,0,0,0,0,0,0,0,0.481833,False
SPY,2025-02-21,0.019178,585,Put,0.37,0.37,0.38,4303,48491,0.146981,0,0,0,0,0,0,0,0,0,0.5282,False
SPY,2025-02-21,0.019178,586,Put,0.41,0.39,0.4,323,5829,0.143075,0,0,0,0,0,0,0,0,0,0.596218,False
SPY,2025-02-21,0.019178,587,Put,0.45,0.45,0.46,411,4878,0.141976,0,0,0,0,0,0,0,0,0,0.668545,False
SPY,2025-02-21,0.019178,588,Put,0.5,0.5,0.51,189,6973,0.139657,0,0,0,0,0,0,0,0,0,0.730438,False
SPY,2025-02-21,0.019178,589,Put,0.53,0.53,0.54,296,5309,0.135629,0,0,0,0,0,0,0,0,0,0.814934,False
SPY,2025-02-21,0.019178,590,Put,0.6,0.62,0.63,13403,60116,0.135018,0,0,0,0,0,0,0,0,0,0.903863,False
SPY,2025-02-21,0.019178,591,Put,0.67,0.64,0.65,299,6449,0.129892,0,0,0,0,0,0,0,0,0,0.993361,False
SPY,2025-02-21,0.019178,592,Put,0.75,0.75,0.76,1771,7128,0.129403,0,0,0,0,0,0,0,0,0,1.11047,False
SPY,2025-02-21,0.019178,593,Put,0.85,0.83,0.84,711,6705,0.126718,0,0,0,0,0,0,0,0,0,1.2364,False
SPY,2025-02-21,0.019178,594,Put,0.89,0.88,0.89,658,4192,0.122201,0,0,0,0,0,0,0,0,0,1.37924,False
SPY,2025-02-21,0.019178,595,Put,0.99,1.04,1.05,4948,70192,0.122079,0,0,0,0,0,0,0,0,0,1.54754,False
SPY,2025-02-21,0.019178,596,Put,1.11,1.17,1.18,716,5096,0.120004,0,0,0,0,0,0,0,0,0,1.72967,False
SPY,2025-02-21,0.019178,597,Put,1.27,1.29,1.3,899,6018,0.116891,0,0,0,0,0,0,0,0,0,1.87979,False
SPY,2025-02-21,0.019178,598,Put,1.46,1.46,1.47,690,4765,0.114999,0,0,0,0,0,0,0,0,0,2.14465,False
SPY,2025-02-21,0.019178,599,Put,1.57,1.58,1.6,1746,7163,0.111093,0,0,0,0,0,0,0,0,0,2.35219,False
SPY,2025-02-21,0.019178,600,Put,1.79,1.8,1.82,7403,60732,0.109445,0,0,0,0,0,0,0,0,0,2.63921,False
SPY,2025-02-21,0.019178,601,Put,2.02,2.02,2.03,921,3165,0.106698,0,0,0,0,0,0,0,0,0,2.94208,False
SPY,2025-02-21,0.019178,602,Put,2.23,2.24,2.25,1582,7271,0.103525,0,0,0,0,0,0,0,0,0,3.26532,False
SPY,2025-02-21,0.019178,603,Put,2.5,2.5,2.52,1524,5333,0.100839,0,0,0,0,0,0,0,0,0,3.64101,False
SPY,2025-02-21,0.019178,604,Put,2.8,2.77,2.78,5233,6171,0.0970549,0,0,0,0,0,0,0,0,0,4.0521,False
SPY,2025-02-21,0.019178,605,Put,3.13,3.1,3.12,6291,36818,0.0943694,0,0,0,0,0,0,0,0,0,4.44314,False
SPY,2025-02-21,0.019178,606,Put,3.4,3.48,3.5,2103,2862,0.0916839,0,0,0,0,0,0,0,0,0,4.90727,True
SPY,2025-02-21,0.019178,607,Put,3.82,3.86,3.87,2237,4828,0.0875335,0,0,0,0,0,0,0,0,0,5.32208,True
SPY,2025-02-21,0.019178,608,Put,4.23,4.31,4.34,1076,7899,0.0846649,0,0,0,0,0,0,0,0,0,6.03794,True
SPY,2025-02-21,0.019178,609,Put,4.49,4.71,4.73,140,3082,0.0779511,0,0,0,0,0,0,0,0,0,6.54631,True
SPY,2025-02-21,0.019178,610,Put,5.29,5.2,5.23,1980,16497,0.0722749,0,0,0,0,0,0,0,0,0,7.29778,True
SPY,2025-02-21,0.019178,611,Put,5.95,5.84,5.88,7,653,0.068918,0,0,0,0,0,0,0,0,0,7.91159,True
SPY,2025-02-21,0.019178,612,Put,6.17,6.37,6.42,94,9480,0.0576266,0,0,0,0,0,0,0,0,0,8.54343,True
SPY,2025-02-21,0.019178,613,Put,8.71,6.75,6.8,8,804,1e-05,0,0,0,0,0,0,0,0,0,9.60208,True
SPY,2025-02-21,0.019178,614,Put,7.43,7.81,7.89,255,1215,1e-05,0,0,0,0,0,0,0,0,0,10.4066,True
SPY,2025-02-21,0.019178,615,Put,8.34,8.49,8.58,81,1841,1e-05,0,0,0,0,0,0,0,0,0,11.3192,True
SPY,2025-02-21,0.019178,616,Put,9.35,9.37,9.47,27,569,1e-05,0,0,0,0,0,0,0,0,0,12.2098,True
SPY,2025-02-21,0.019178,617,Put,10.12,10.09,10.2,16,3,1e-05,0,0,0,0,0,0,0,0,0,12.9644,True
SPY,2025-02-21,0.019178,618,Put,10.96,10.7,11.12,1,8,1e-05,0,0,0,0,0,0,0,0,0,13.9698,True
SPY,2025-02-21,0.019178,619,Put,15.77,11.68,12.42,4,4,1e-05,0,0,0,0,0,0,0,0,0,15.0015,True
SPY,2025-02-21,0.019178,620,Put,12.85,12.61,12.97,49,79,1e-05,0,0,0,0,0,0,0,0,0,15.9313,True
SPY,2025-02-21,0.019178,621,Put,19.9,13.52,14.1,493,0,1e-05,0,0,0,0,0,0,0,0,0,16.9118,True
SPY,2025-02-21,0.019178,622,Put,20.24,14.52,15.26,6,0,1e-05,0,0,0,0,0,0,0,0,0,17.8546,True
SPY,2025-02-21,0.019178,623,Put,21.13,15.52,16.28,1,2,1e-05,0,0,0,0,0,0,0,0,0,18.935,True
SPY,2025-02-21,0.019178,624,Put,21.38,16.67,17.4,17,2,1e-05,0,0,0,0,0,0,0,0,0,19.9043,True
SPY,2025-02-21,0.019178,625,Put,17.93,17.81,18.32,72,57,1e-05,0,0,0,0,0,0,0,0,0,21.0195,True
SPY,2025-02-21,0.019178,630,Put,23.07,22.8,23.32,69,21,1e-05,0,0,0,0,0,0,0,0,0,25.9431,True
SPY,2025-02-21,0.019178,635,Put,30.5,27.72,28.26,4,3,1e-05,0,0,0,0,0,0,0,0,0,30.5373,True
SPY,2025-02-21,0.019178,640,Put,35.49,31.56,34.25,2,5,0.185311,0,0,0,0,0,0,0,0,0,35.8649,True
SPY,2025-02-21,0.019178,645,Put,40.51,36.55,38.34,5,0,1e-05,0,0,0,0,0,0,0,0,0,40.7082,True
SPY,2025-02-21,0.019178,650,Put,45.48,41.28,44.12,25,2,0.19825,0,0,0,0,0,0,0,0,0,45.8414,True
SPY,2025-02-21,0.019178,655,Put,52.36,46.32,48.93,1,0,1e-05,0,0,0,0,0,0,0,0,0,50.831,True
SPY,2025-02-21,0.019178,660,Put,59.9,51.32,54.47,3,0,0.302741,0,0,0,0,0,0,0,0,0,55.7473,True
SPY,2025-02-21,0.019178,665,Put,61.02,56.49,59.1,0,0,0.244148,0,0,0,0,0,0,0,0,0,61.1442,True
SPY,2025-02-21,0.019178,670,Put,64.96,61.87,64.5,1,0,0.349372,0,0,0,0,0,0,0,0,0,66.1523,True
SPY,2025-02-21,0.019178,675,Put,66.7,66.53,69.52,20,0,0.373053,0,0,0,0,0,0,0,0,0,70.7387,True
SPY,2025-02-21,0.019178,695,Put,91.71,86.33,89.42,1,1,0.437261,0,0,0,0,0,0,0,0,0,90.6678,True
SPY,2025-02-21,0.019178,700,Put,96.78,91.53,94.49,1,1,0.468755,0,0,0,0,0,0,0,0,0,95.7275,True
SPY,2025-02-21,0.019178,705,Put,101.8,96.28,99.51,2,0,0.491216,0,0,0,0,0,0,0,0,0,101.074,True
SPY,2025-02-21,0.019178,710,Put,112.56,102.13,104.36,0,0,0.480962,0,0,0,0,0,0,0,0,0,105.601,True
SPY,2025-02-21,0.019178,750,Put,162.5,150.36,153.87,2,0,1.19629,0,0,0,0,0,0,0,0,0,148.941,True
SPY,2025-02-21,0.019178,800,Put,204.95,197.73,198.98,314,0,1.21704,0,0,0,0,0,0,0,0,0,195.674,True
SPY,2025-03-21,0.09589,180,Call,427.55,426.22,428.39,2,213,1.84766,0,0,0,0,0,0,0,0,0,425.525,True
SPY,2025-03-21,0.09589,185,Call,228.5,229.5,234.5,14,18,1e-05,0,0,0,0,0,0,0,0,0,420.545,True
SPY,2025-03-21,0.09589,190,Call,417.77,417.23,418.43,63,19,1.86426,0,0,0,0,0,0,0,0,0,415.565,True
SPY,2025-03-21,0.09589,195,Call,394.88,403.96,405.36,1,2,1e-05,0,0,0,0,0,0,0,0,0,410.585,True
SPY,2025-03-21,0.09589,200,Call,404.14,407.2,408.34,1,90,1.77734,0,0,0,0,0,0,0,0,0,405.605,True
SPY,2025-03-21,0.09589,205,Call,401.11,402.13,403.36,1,28,1.73633,0,0,0,0,0,0,0,0,0,400.626,True
SPY,2025-03-21,0.09589,210,Call,353.32,347.82,349.36,1,3,1e-05,0,0,0,0,0,0,0,0,0,395.646,True
SPY,2025-03-21,0.09589,215,Call,368.15,387.48,389.28,1,2,1e-05,0,0,0,0,0,0,0,0,0,390.666,True
SPY,2025-03-21,0.09589,220,Call,373.55,387.29,388.41,1,5,1.646,0,0,0,0,0,0,0,0,0,385.686,True
SPY,2025-03-21,0.09589,225,Call,254.38,0,0,1,4,1e-05,0,0,0,0,0,0,0,0,0,380.706,True
SPY,2025-03-21,0.09589,230,Call,373.7,377.25,378.43,2,220,1.57764,0,0,0,0,0,0,0,0,0,375.726,True
SPY,2025-03-21,0.09589,235,Call,273.14,282.84,285.95,1,2,1e-05,0,0,0,0,0,0,0,0,0,370.746,True
SPY,2025-03-21,0.09589,240,Call,366.83,367.29,368.47,16,892,1.51905,0,0,0,0,0,0,0,0,0,365.767,True
SPY,2025-03-21,0.09589,245,Call,296.59,321.51,323.92,1,6,1e-05,0,0,0,0,0,0,0,0,0,360.787,True
SPY,2025-03-21,0.09589,250,Call,357.57,357.71,358.51,3,158,1.48633,0,0,0,0,0,0,0,0,0,355.807,True
SPY,2025-03-21,0.09589,255,Call,350.22,352.48,353.55,6,22,1.44458,0,0,0,0,0,0,0,0,0,350.827,True
SPY,2025-03-21,0.09589,260,Call,347.99,339.34,340.73,1,39,1e-05,0,0,0,0,0,0,0,0,0,345.847,True
SPY,2025-03-21,0.09589,265,Call,192.5,204.5,209.5,1,1,1e-05,0,0,0,0,0,0,0,0,0,340.867,True
SPY,2025-03-21,0.09589,270,Call,325.89,329.22,330.56,9,28,1e-05,0,0,0,0,0,0,0,0,0,335.888,True
SPY,2025-03-21,0.09589,275,Call,312.52,314.12,316.58,20,8,1e-05,0,0,0,0,0,0,0,0,0,330.908,True
SPY,2025-03-21,0.09589,280,Call,323.21,327.5,328.68,2,21,1.31079,0,0,0,0,0,0,0,0,0,325.928,True
SPY,2025-03-21,0.09589,285,Call,315.69,323,324.05,6,58,1.32764,0,0,0,0,0,0,0,0,0,320.948,True
SPY,2025-03-21,0.09589,290,Call,316.66,317.55,318.72,2,117,1.26197,0,0,0,0,0,0,0,0,0,315.968,True
SPY,2025-03-21,0.09589,295,Call,314.75,312.77,314.1,1,17,1.26514,0,0,0,0,0,0,0,0,0,310.988,True
SPY,2025-03-21,0.09589,300,Call,301,307.61,308.99,3,520,1.22608,0,0,0,0,0,0,0,0,0,306.009,True
SPY,2025-03-21,0.09589,305,Call,281.83,300.87,304.09,402,239,1.11402,0,0,0,0,0,0,0,0,0,303.403,True
SPY,2025-03-21,0.09589,310,Call,301.27,289.75,291.03,1,227,1e-05,0,0,0,0,0,0,0,0,0,296.049,True
SPY,2025-03-21,0.09589,315,Call,271.77,291.02,294.25,2,77,1.0846,0,0,0,0,0,0,0,0,0,293.55,True
SPY,2025-03-21,0.09589,320,Call,278.99,279.67,281.14,90,53,1e-05,0,0,0,0,0,0,0,0,0,286.089,True
SPY,2025-03-21,0.09589,325,Call,272.08,282.74,283.88,1,59,1.10303,0,0,0,0,0,0,0,0,0,281.109,True
SPY,2025-03-21,0.09589,330,Call,278,277.86,279.13,1,20,1.09473,0,0,0,0,0,0,0,0,0,276.129,True
SPY,2025-03-21,0.09589,335,Call,266.53,273.06,274.15,10,130,1.07984,0,0,0,0,0,0,0,0,0,271.15,True
SPY,2025-03-21,0.09589,340,Call,255.04,268.17,269.18,1,29,1.06165,0,0,0,0,0,0,0,0,0,266.17,True
SPY,2025-03-21,0.09589,345,Call,253.42,263.03,264.2,61,73,1.03394,0,0,0,0,0,0,0,0,0,261.19,True
SPY,2025-03-21,0.09589,350,Call,254.98,258.14,259.23,2,201,1.01624,0,0,0,0,0,0,0,0,0,256.21,True
SPY,2025-03-21,0.09589,355,Call,251.24,245.3,246.36,3,697,1e-05,0,0,0,0,0,0,0,0,0,251.23,True
SPY,2025-03-21,0.09589,360,Call,243.94,248.05,249.28,1,211,0.969727,0,0,0,0,0,0,0,0,0,246.25,True
SPY,2025-03-21,0.09589,365,Call,239.45,243.42,244.3,2,222,0.960938,0,0,0,0,0,0,0,0,0,241.271,True
SPY,2025-03-21,0.09589,370,Call,242.3,237.98,239.11,10,458,0.917725,0,0,0,0,0,0,0,0,0,236.291,True
SPY,2025-03-21,0.09589,375,Call,228.09,233.1,234.13,1,421,0.901124,0,0,0,0,0,0,0,0,0,231.311,True
SPY,2025-03-21,0.09589,380,Call,227.16,228.14,229.38,10,1193,0.889283,0,0,0,0,0,0,0,0,0,226.331,True
SPY,2025-03-21,0.09589,385,Call,209.48,215.53,216.65,2,759,1e-05,0,0,0,0,0,0,0,0,0,221.351,True
SPY,2025-03-21,0.09589,390,Call,214.22,218.11,219.22,1,135,0.84131,0,0,0,0,0,0,0,0,0,216.371,True
SPY,2025-03-21,0.09589,395,Call,210.58,213.46,214.57,2,111,0.841798,0,0,0,0,0,0,0,0,0,211.392,True
SPY,2025-03-21,0.09589,400,Call,207.27,208.52,209.49,14,940,0.820436,0,0,0,0,0,0,0,0,0,206.412,True
SPY,2025-03-21,0.09589,405,Call,203.69,203.28,204.52,3,257,0.794069,0,0,0,0,0,0,0,0,0,201.432,True
SPY,2025-03-21,0.09589,410,Call,193.76,198.56,199.54,1,530,0.782107,0,0,0,0,0,0,0,0,0,196.452,True
SPY,2025-03-21,0.09589,415,Call,188.65,192.4,194.33,2,905,0.722903,0,0,0,0,0,0,0,0,0,191.472,True
SPY,2025-03-21,0.09589,420,Call,186.43,188.63,189.61,290,523,0.745608,0,0,0,0,0,0,0,0,0,186.492,True
SPY,2025-03-21,0.09589,425,Call,182.48,183.4,184.62,4,2467,0.720157,0,0,0,0,0,0,0,0,0,181.512,True
SPY,2025-03-21,0.09589,430,Call,171.69,178.44,179.42,1,1304,0.696536,0,0,0,0,0,0,0,0,0,176.533,True
SPY,2025-03-21,0.09589,435,Call,172.55,173.47,174.68,2,800,0.684451,0,0,0,0,0,0,0,0,0,171.553,True
SPY,2025-03-21,0.09589,440,Call,166.35,168.49,169.72,1,1183,0.666629,0,0,0,0,0,0,0,0,0,166.573,True
SPY,2025-03-21,0.09589,445,Call,160.9,163.55,164.51,13,647,0.643924,0,0,0,0,0,0,0,0,0,161.593,True
SPY,2025-03-21,0.09589,450,Call,156.63,158.81,159.77,394,2145,0.636783,0,0,0,0,0,0,0,0,0,156.613,True
SPY,2025-03-21,0.09589,455,Call,149.73,153.62,154.57,1,1364,0.609135,0,0,0,0,0,0,0,0,0,151.633,True
SPY,2025-03-21,0.09589,460,Call,144.06,149.01,149.85,5,1627,0.60474,0,0,0,0,0,0,0,0,0,146.654,True
SPY,2025-03-21,0.09589,465,Call,144.21,144.05,144.63,2,2738,0.582096,0,0,0,0,0,0,0,0,0,141.674,True
SPY,2025-03-21,0.09589,470,Call,134.31,138.72,139.91,1,1386,0.562382,0,0,0,0,0,0,0,0,0,136.694,True
SPY,2025-03-21,0.09589,475,Call,132.33,134.12,134.93,40,1702,0.552006,0,0,0,0,0,0,0,0,0,131.714,True
SPY,2025-03-21,0.09589,480,Call,129.02,129.15,129.75,10,2052,0.530522,0,0,0,0,0,0,0,0,0,126.734,True
SPY,2025-03-21,0.09589,485,Call,118.68,123.83,125.02,2,1643,0.511174,0,0,0,0,0,0,0,0,0,121.754,True
SPY,2025-03-21,0.09589,490,Call,114.12,118.88,120.06,3,1454,0.514897,0,0,0,0,0,0,0,0,0,116.775,True
SPY,2025-03-21,0.09589,495,Call,113.05,114.17,115.11,4,2181,0.497747,0,0,0,0,0,0,0,0,0,111.795,True
SPY,2025-03-21,0.09589,500,Call,110,109.32,110.16,1,7921,0.480535,0,0,0,0,0,0,0,0,0,106.815,True
SPY,2025-03-21,0.09589,505,Call,104.36,104.01,105.2,10,2874,0.462957,0,0,0,0,0,0,0,0,0,101.835,True
SPY,2025-03-21,0.09589,510,Call,93.73,99.29,100.24,2,2554,0.44544,0,0,0,0,0,0,0,0,0,96.8552,True
SPY,2025-03-21,0.09589,515,Call,95.05,94.47,95.26,1,3560,0.427252,0,0,0,0,0,0,0,0,0,91.8753,True
SPY,2025-03-21,0.09589,520,Call,90.19,89.16,90.42,18,4013,0.413031,0,0,0,0,0,0,0,0,0,86.8955,True
SPY,2025-03-21,0.09589,525,Call,84.83,84.24,85.54,3,2480,0.397406,0,0,0,0,0,0,0,0,0,81.9157,True
SPY,2025-03-21,0.09589,530,Call,79.26,79.31,80.49,6,6814,0.377203,0,0,0,0,0,0,0,0,0,76.9358,True
SPY,2025-03-21,0.09589,535,Call,74.32,74.76,75.7,6,7210,0.363532,0,0,0,0,0,0,0,0,0,71.956,True
SPY,2025-03-21,0.09589,540,Call,68.4,69.77,70.66,2,31188,0.343512,0,0,0,0,0,0,0,0,0,66.9761,True
SPY,2025-03-21,0.09589,545,Call,62.83,64.9,65.9,6,9402,0.329902,0,0,0,0,0,0,0,0,0,61.9963,True
SPY,2025-03-21,0.09589,550,Call,58.6,59.83,60.65,2,6528,0.304969,0,0,0,0,0,0,0,0,0,57.1125,True
SPY,2025-03-21,0.09589,551,Call,57.71,58.6,59.78,2,493,0.304023,0,0,0,0,0,0,0,0,0,56.088,True
SPY,2025-03-21,0.09589,552,Call,56.84,57.68,59.09,2,777,0.306861,0,0,0,0,0,0,0,0,0,55.1216,True
SPY,2025-03-21,0.09589,553,Call,55.94,56.85,57.83,2,342,0.29734,0,0,0,0,0,0,0,0,0,54.1388,True
SPY,2025-03-21,0.09589,554,Call,54.73,55.71,56.86,2,8,0.294105,0,0,0,0,0,0,0,0,0,53.2284,True
SPY,2025-03-21,0.09589,555,Call,53.75,55.33,56.14,2,4738,0.296119,0,0,0,0,0,0,0,0,0,52.0366,True
SPY,2025-03-21,0.09589,556,Call,52.8,54.09,55.14,2,13,0.292182,0,0,0,0,0,0,0,0,0,51.4736,True
SPY,2025-03-21,0.09589,557,Call,51.85,52.85,54.33,2,6,0.292121,0,0,0,0,0,0,0,0,0,50.4425,True
SPY,2025-03-21,0.09589,558,Call,51.01,51.83,53.03,2,8,0.28199,0,0,0,0,0,0,0,0,0,49.394,True
SPY,2025-03-21,0.09589,559,Call,50.07,50.92,52.26,2,26,0.282722,0,0,0,0,0,0,0,0,0,48.46,True
SPY,2025-03-21,0.09589,560,Call,49.11,50.21,51.02,2,7374,0.273872,0,0,0,0,0,0,0,0,0,47.553,True
SPY,2025-03-21,0.09589,561,Call,48.14,49,50.14,2,2,0.272316,0,0,0,0,0,0,0,0,0,46.5839,True
SPY,2025-03-21,0.09589,562,Call,47.27,48.05,49.2,2,13,0.269508,0,0,0,0,0,0,0,0,0,45.6059,True
SPY,2025-03-21,0.09589,563,Call,46.18,47.04,48.15,2,23,0.264534,0,0,0,0,0,0,0,0,0,44.7265,True
SPY,2025-03-21,0.09589,564,Call,45.4,46.47,47.44,2,12,0.266151,0,0,0,0,0,0,0,0,0,43.7261,True
SPY,2025-03-21,0.09589,565,Call,45.33,45.46,46.27,3,8026,0.258796,0,0,0,0,0,0,0,0,0,42.7436,True
SPY,2025-03-21,0.09589,566,Call,43.52,44.25,45.73,2,3,0.263466,0,0,0,0,0,0,0,0,0,41.9281,True
SPY,2025-03-21,0.09589,567,Call,42.51,43.36,44.44,2,9,0.253914,0,0,0,0,0,0,0,0,0,41.0182,True
SPY,2025-03-21,0.09589,568,Call,41.67,42.78,43.72,2,2,0.255012,0,0,0,0,0,0,0,0,0,40.1679,True
SPY,2025-03-21,0.09589,569,Call,40.64,41.79,42.83,2,3,0.252876,0,0,0,0,0,0,0,0,0,39.1031,True
SPY,2025-03-21,0.09589,570,Call,40.05,40.83,41.56,14,9746,0.243782,0,0,0,0,0,0,0,0,0,38.3356,True
SPY,2025-03-21,0.09589,571,Call,38.84,39.57,40.64,2,10,0.241066,0,0,0,0,0,0,0,0,0,37.3024,True
SPY,2025-03-21,0.09589,572,Call,37.9,39.07,39.78,2,111,0.239387,0,0,0,0,0,0,0,0,0,36.4023,True
SPY,2025-03-21,0.09589,573,Call,37.07,37.71,38.85,2,45,0.236397,0,0,0,0,0,0,0,0,0,35.4103,True
SPY,2025-03-21,0.09589,574,Call,36.16,37.26,38.13,2,39,0.237038,0,0,0,0,0,0,0,0,0,34.5241,True
SPY,2025-03-21,0.09589,575,Call,37,36.61,37.12,19,10971,0.232552,0,0,0,0,0,0,0,0,0,33.6288,True
SPY,2025-03-21,0.09589,576,Call,34.35,35.38,36.18,2,40,0.229256,0,0,0,0,0,0,0,0,0,32.7754,True
SPY,2025-03-21,0.09589,577,Call,33.46,34.44,35.54,2,18,0.230965,0,0,0,0,0,0,0,0,0,31.8758,True
SPY,2025-03-21,0.09589,578,Call,32.58,33.27,34.29,2,16,0.222389,0,0,0,0,0,0,0,0,0,31.0181,True
SPY,2025-03-21,0.09589,579,Call,31.69,32.5,33.38,2,11,0.21949,0,0,0,0,0,0,0,0,0,30.1841,True
SPY,2025-03-21,0.09589,580,Call,32.19,31.79,32.31,9,12417,0.213906,0,0,0,0,0,0,0,0,0,29.1352,True
SPY,2025-03-21,0.09589,581,Call,29.93,30.48,31.59,2,8,0.213997,0,0,0,0,0,0,0,0,0,28.3714,True
SPY,2025-03-21,0.09589,582,Call,28.88,29.61,30.67,6,13,0.210762,0,0,0,0,0,0,0,0,0,27.5142,True
SPY,2025-03-21,0.09589,583,Call,28.03,28.75,29.84,2,26,0.20887,0,0,0,0,0,0,0,0,0,26.7278,True
SPY,2025-03-21,0.09589,584,Call,27.18,28,28.84,2,47,0.204293,0,0,0,0,0,0,0,0,0,25.805,True
SPY,2025-03-21,0.09589,585,Call,28.15,27.7,27.93,78,21296,0.201058,0,0,0,0,0,0,0,0,0,24.901,True
SPY,2025-03-21,0.09589,586,Call,27.25,26.77,27.17,14,45,0.20002,0,0,0,0,0,0,0,0,0,24.1434,True
SPY,2025-03-21,0.09589,587,Call,24.61,25.3,26.3,16,183,0.197243,0,0,0,0,0,0,0,0,0,23.3104,True
SPY,2025-03-21,0.09589,588,Call,23.82,24.45,25.47,2,231,0.194985,0,0,0,0,0,0,0,0,0,22.4538,True
SPY,2025-03-21,0.09589,589,Call,22.99,23.97,24.75,2,114,0.194268,0,0,0,0,0,0,0,0,0,21.6208,True
SPY,2025-03-21,0.09589,590,Call,23.67,23.49,23.7,1064,14738,0.188637,0,0,0,0,0,0,0,0,0,20.7736,True
SPY,2025-03-21,0.09589,591,Call,22.35,22.59,22.9,8,348,0.186562,0,0,0,0,0,0,0,0,0,20.0076,True
SPY,2025-03-21,0.09589,592,Call,21.86,21.19,22.03,7,297,0.183388,0,0,0,0,0,0,0,0,0,19.2369,True
SPY,2025-03-21,0.09589,593,Call,20.63,20.8,21.16,3,746,0.180123,0,0,0,0,0,0,0,0,0,18.4664,True
SPY,2025-03-21,0.09589,594,Call,17.54,20.48,20.68,1,631,0.182229,0,0,0,0,0,0,0,0,0,17.6047,True
SPY,2025-03-21,0.09589,595,Call,19.8,19.39,19.62,66,21020,0.176125,0,0,0,0,0,0,0,0,0,16.9449,True
SPY,2025-03-21,0.09589,596,Call,18.85,18.66,18.72,2,610,0.172158,0,0,0,0,0,0,0,0,0,16.1361,True
SPY,2025-03-21,0.09589,597,Call,18.08,17.92,17.98,13,893,0.170296,0,0,0,0,0,0,0,0,0,15.4334,True
SPY,2025-03-21,0.09589,598,Call,17.46,17.17,17.22,14,1303,0.168038,0,0,0,0,0,0,0,0,0,14.7504,True
SPY,2025-03-21,0.09589,599,Call,16.73,16.64,16.69,9,2243,0.168709,0,0,0,0,0,0,0,0,0,13.9462,True
SPY,2025-03-21,0.09589,600,Call,15.62,15.66,15.71,961,61453,0.163247,0,0,0,0,0,0,0,0,0,13.3119,True
SPY,2025-03-21,0.09589,601,Call,15.18,14.84,14.89,80,2287,0.159798,0,0,0,0,0,0,0,0,0,12.5854,True
SPY,2025-03-21,0.09589,602,Call,14.26,14.3,14.35,323,2018,0.15989,0,0,0,0,0,0,0,0,0,12.0884,True
SPY,2025-03-21,0.09589,603,Call,13.67,13.43,13.47,823,2897,0.155373,0,0,0,0,0,0,0,0,0,11.3278,True
SPY,2025-03-21,0.09589,604,Call,12.99,12.81,12.84,90,5557,0.15397,0,0,0,0,0,0,0,0,0,10.719,True
SPY,2025-03-21,0.09589,605,Call,12.26,12.11,12.14,2176,25570,0.151498,0,0,0,0,0,0,0,0,0,10.0415,True
SPY,2025-03-21,0.09589,606,Call,11.66,11.41,11.45,514,4689,0.148995,0,0,0,0,0,0,0,0,0,9.44274,False
SPY,2025-03-21,0.09589,607,Call,10.9,10.79,10.83,657,3333,0.147225,0,0,0,0,0,0,0,0,0,8.87371,False
SPY,2025-03-21,0.09589,608,Call,10.32,10.19,10.22,316,3547,0.145394,0,0,0,0,0,0,0,0,0,8.25533,False
SPY,2025-03-21,0.09589,609,Call,9.69,9.49,9.53,333,2112,0.142312,0,0,0,0,0,0,0,0,0,7.76582,False
SPY,2025-03-21,0.09589,610,Call,9.13,9.16,9.19,1546,48647,0.143624,0,0,0,0,0,0,0,0,0,7.22198,False
SPY,2025-03-21,0.09589,611,Call,8.6,8.36,8.4,295,2198,0.138833,0,0,0,0,0,0,0,0,0,6.66821,False
SPY,2025-03-21,0.09589,612,Call,7.97,8,8.04,88,2847,0.139504,0,0,0,0,0,0,0,0,0,6.19928,False
SPY,2025-03-21,0.09589,613,Call,7.42,7.23,7.26,185,2099,0.134362,0,0,0,0,0,0,0,0,0,5.81567,False
SPY,2025-03-21,0.09589,614,Call,6.78,6.88,6.91,46,1593,0.134744,0,0,0,0,0,0,0,0,0,5.31214,False
SPY,2025-03-21,0.09589,615,Call,6.3,6.23,6.26,1135,40349,0.130822,0,0,0,0,0,0,0,0,0,4.86381,False
SPY,2025-03-21,0.09589,616,Call,5.81,5.82,5.85,86,1787,0.129922,0,0,0,0,0,0,0,0,0,4.4962,False
SPY,2025-03-21,0.09589,617,Call,5.49,5.35,5.38,68,1873,0.127969,0,0,0,0,0,0,0,0,0,4.16428,False
SPY,2025-03-21,0.09589,618,Call,5.08,4.94,4.96,69,2264,0.126443,0,0,0,0,0,0,0,0,0,3.76183,False
SPY,2025-03-21,0.09589,619,Call,4.63,4.47,4.5,19,1779,0.124032,0,0,0,0,0,0,0,0,0,3.46597,False
SPY,2025-03-21,0.09589,620,Call,4.11,4.14,4.16,1236,109213,0.123147,0,0,0,0,0,0,0,0,0,3.12469,False
SPY,2025-03-21,0.09589,621,Call,3.86,3.79,3.81,199,4122,0.121835,0,0,0,0,0,0,0,0,0,2.82938,False
SPY,2025-03-21,0.09589,622,Call,3.47,3.51,3.52,692,2027,0.121194,0,0,0,0,0,0,0,0,0,2.55466,False
SPY,2025-03-21,0.09589,623,Call,3.26,3.14,3.16,103,2243,0.119149,0,0,0,0,0,0,0,0,0,2.34171,False
SPY,2025-03-21,0.09589,624,Call,2.85,2.82,2.85,175,1781,0.117593,0,0,0,0,0,0,0,0,0,2.07776,False
SPY,2025-03-21,0.09589,625,Call,2.65,2.58,2.6,496,24502,0.1168,0,0,0,0,0,0,0,0,0,1.87561,False
SPY,2025-03-21,0.09589,626,Call,2.32,2.33,2.35,219,2256,0.115701,0,0,0,0,0,0,0,0,0,1.69952,False
SPY,2025-03-21,0.09589,627,Call,2.15,2.09,2.1,90,2006,0.114267,0,0,0,0,0,0,0,0,0,1.4979,False
SPY,2025-03-21,0.09589,628,Call,1.92,1.88,1.9,38,2778,0.113534,0,0,0,0,0,0,0,0,0,1.35333,False
SPY,2025-03-21,0.09589,629,Call,1.68,1.73,1.75,34,1632,0.113565,0,0,0,0,0,0,0,0,0,1.19868,False
SPY,2025-03-21,0.09589,630,Call,1.52,1.53,1.55,1126,34917,0.112253,0,0,0,0,0,0,0,0,0,1.09094,False
SPY,2025-03-21,0.09589,631,Call,1.41,1.41,1.43,12,2085,0.112497,0,0,0,0,0,0,0,0,0,0.973092,False
SPY,2025-03-21,0.09589,632,Call,1.24,1.21,1.23,55,2946,0.110421,0,0,0,0,0,0,0,0,0,0.86067,False
SPY,2025-03-21,0.09589,633,Call,1.11,1.09,1.1,326,2279,0.109842,0,0,0,0,0,0,0,0,0,0.769281,False
SPY,2025-03-21,0.09589,634,Call,1.01,0.97,0.98,41,1844,0.109201,0,0,0,0,0,0,0,0,0,0.693751,False
SPY,2025-03-21,0.09589,635,Call,0.88,0.86,0.88,311,19475,0.108896,0,0,0,0,0,0,0,0,0,0.597583,False
SPY,2025-03-21,0.09589,636,Call,0.72,0.76,0.8,1,1275,0.108957,0,0,0,0,0,0,0,0,0,0.532844,False
SPY,2025-03-21,0.09589,637,Call,0.7,0.67,0.68,27,1000,0.10737,0,0,0,0,0,0,0,0,0,0.468313,False
SPY,2025-03-21,0.09589,638,Call,0.42,0.6,0.61,42,1368,0.107248,0,0,0,0,0,0,0,0,0,0.414407,False
SPY,2025-03-21,0.09589,639,Call,0.56,0.55,0.56,4,806,0.107675,0,0,0,0,0,0,0,0,0,0.371126,False
SPY,2025-03-21,0.09589,640,Call,0.49,0.49,0.5,383,56557,0.107553,0,0,0,0,0,0,0,0,0,0.327986,False
SPY,2025-03-21,0.09589,641,Call,0.42,0.43,0.44,5,1287,0.107065,0,0,0,0,0,0,0,0,0,0.305933,False
SPY,2025-03-21,0.09589,642,Call,0.38,0.37,0.38,24,644,0.106332,0,0,0,0,0,0,0,0,0,0.263045,False
SPY,2025-03-21,0.09589,643,Call,0.33,0.34,0.35,15,697,0.106943,0,0,0,0,0,0,0,0,0,0.235976,False
SPY,2025-03-21,0.09589,644,Call,0.21,0.29,0.3,14,676,0.106088,0,0,0,0,0,0,0,0,0,0.209013,False
SPY,2025-03-21,0.09589,645,Call,0.27,0.27,0.28,366,7474,0.106943,0,0,0,0,0,0,0,0,0,0.18738,False
SPY,2025-03-21,0.09589,646,Call,0.2,0.24,0.25,1,840,0.107065,0,0,0,0,0,0,0,0,0,0.165838,False
SPY,2025-03-21,0.09589,647,Call,0.16,0.21,0.22,7,934,0.10682,0,0,0,0,0,0,0,0,0,0.144342,False
SPY,2025-03-21,0.09589,648,Call,0.19,0.18,0.19,8,470,0.106454,0,0,0,0,0,0,0,0,0,0.133406,False
SPY,2025-03-21,0.09589,649,Call,0.11,0.17,0.18,376,642,0.107431,0,0,0,0,0,0,0,0,0,0.122525,False
SPY,2025-03-21,0.09589,650,Call,0.15,0.15,0.16,60,23799,0.107553,0,0,0,0,0,0,0,0,0,0.111691,False
SPY,2025-03-21,0.09589,655,Call,0.1,0.09,0.1,16,10208,0.109872,0,0,0,0,0,0,0,0,0,0.0686035,False
SPY,2025-03-21,0.09589,660,Call,0.06,0.06,0.07,18,13734,0.113778,0,0,0,0,0,0,0,0,0,0.0470385,False
SPY,2025-03-21,0.09589,665,Call,0.05,0.04,0.05,20,2539,0.117685,0,0,0,0,0,0,0,0,0,0.0362077,False
SPY,2025-03-21,0.09589,670,Call,0.03,0.03,0.04,21,6764,0.123056,0,0,0,0,0,0,0,0,0,0.0256135,False
SPY,2025-03-21,0.09589,675,Call,0.03,0.02,0.03,3,3527,0.126962,0,0,0,0,0,0,0,0,0,0.0253361,False
SPY,2025-03-21,0.09589,680,Call,0.02,0.02,0.03,4800,38131,0.134774,0,0,0,0,0,0,0,0,0,0.0250927,False
SPY,2025-03-21,0.09589,685,Call,0.02,0.01,0.02,2,23242,0.136727,0,0,0,0,0,0,0,0,0,0.0149382,False
SPY,2025-03-21,0.09589,690,Call,0.03,0.01,0.02,2,27532,0.143563,0,0,0,0,0,0,0,0,0,0.014816,False
SPY,2025-03-21,0.09589,695,Call,0.02,0.01,0.02,1101,3462,0.150399,0,0,0,0,0,0,0,0,0,0.0146955,False
SPY,2025-03-21,0.09589,700,Call,0.01,0.01,0.02,855,9841,0.158212,0,0,0,0,0,0,0,0,0,0.0146107,False
SPY,2025-03-21,0.09589,705,Call,0.02,0.01,0.02,5,2615,0.165047,0,0,0,0,0,0,0,0,0,0.0145064,False
SPY,2025-03-21,0.09589,710,Call,0.01,0.01,0.02,1090,1182,0.171883,0,0,0,0,0,0,0,0,0,0.0144248,False
SPY,2025-03-21,0.09589,715,Call,0.01,0,0.01,1,2954,0.167977,0,0,0,0,0,0,0,0,0,0.009543,False
SPY,2025-03-21,0.09589,720,Call,0.01,0,0.01,510,3542,0.175789,0,0,0,0,0,0,0,0,0,0.0190111,False
SPY,2025-03-21,0.09589,725,Call,0.01,0,0.01,1,760,0.181649,0,0,0,0,0,0,0,0,0,0.009447,False
SPY,2025-03-21,0.09589,730,Call,0.01,0,0.01,273,1161,0.187508,0,0,0,0,0,0,0,0,0,0.00940406,False
SPY,2025-03-21,0.09589,735,Call,0.01,0,0.01,111,738,0.195321,0,0,0,0,0,0,0,0,0,0.00936593,False
SPY,2025-03-21,0.09589,740,Call,0.01,0,0.01,6100,12573,0.199227,0,0,0,0,0,0,0,0,0,0.00932373,False
SPY,2025-03-21,0.09589,745,Call,0.01,0,0.01,6100,11058,0.207039,0,0,0,0,0,0,0,0,0,0.00929129,False
SPY,2025-03-21,0.09589,750,Call,0.01,0,0.01,436,2035,0.210945,0,0,0,0,0,0,0,0,0,0.00925915,False
SPY,2025-03-21,0.09589,755,Call,0.01,0,0.01,1,2197,0.218758,0,0,0,0,0,0,0,0,0,0.00922649,False
SPY,2025-03-21,0.09589,760,Call,0.01,0,0.01,6497,7343,0.222664,0,0,0,0,0,0,0,0,0,0.00919781,False
SPY,2025-03-21,0.09589,765,Call,0.01,0,0.01,1,1653,0.230476,0,0,0,0,0,0,0,0,0,0.00916997,False
SPY,2025-03-21,0.09589,770,Call,0.01,0,0.01,2,2309,0.234383,0,0,0,0,0,0,0,0,0,0.00914936,False
SPY,2025-03-21,0.09589,775,Call,0.01,0,0.01,622,1689,0.242195,0,0,0,0,0,0,0,0,0,0.00911832,False
SPY,2025-03-21,0.09589,780,Call,0.01,0,0.01,1444,4132,0.246101,0,0,0,0,0,0,0,0,0,0.00909524,False
SPY,2025-03-21,0.09589,785,Call,0.01,0,0.01,1192,4095,0.253914,0,0,0,0,0,0,0,0,0,0.00907116,False
SPY,2025-03-21,0.09589,790,Call,0.01,0,0.01,252,715,0.25782,0,0,0,0,0,0,0,0,0,0.00905344,False
SPY,2025-03-21,0.09589,795,Call,0.01,0,0.01,17,908,0.265632,0,0,0,0,0,0,0,0,0,0.00903172,False
SPY,2025-03-21,0.09589,800,Call,0.01,0,0.01,34,363,0.269539,0,0,0,0,0,0,0,0,0,0.00901206,False
SPY,2025-03-21,0.09589,805,Call,0.01,0,0.01,3,1794,0.277351,0,0,0,0,0,0,0,0,0,0.00899331,False
SPY,2025-03-21,0.09589,810,Call,0.01,0,0.01,14,3676,0.281257,0,0,0,0,0,0,0,0,0,0.00897447,False
SPY,2025-03-21,0.09589,815,Call,0.01,0,0.01,58,970,0.285163,0,0,0,0,0,0,0,0,0,0.00895635,False
SPY,2025-03-21,0.09589,820,Call,0.01,0,0.01,200,8007,0.292976,0,0,0,0,0,0,0,0,0,0.00893685,False
SPY,2025-03-21,0.09589,180,Put,0.01,0,0.01,10,19034,1.0625,0,0,0,0,0,0,0,0,0,0.00801125,False
SPY,2025-03-21,0.09589,185,Put,0.01,0,0.01,1,8760,1.03125,0,0,0,0,0,0,0,0,0,0.00800979,False
SPY,2025-03-21,0.09589,190,Put,0.01,0,0.01,2,3883,1.03125,0,0,0,0,0,0,0,0,0,0.00800806,False
SPY,2025-03-21,0.09589,195,Put,0.01,0,0.01,30,6414,1.00001,0,0,0,0,0,0,0,0,0,0.00800498,False
SPY,2025-03-21,0.09589,200,Put,0.01,0,0.01,1,11940,0.96875,0,0,0,0,0,0,0,0,0,0.00800231,False
SPY,2025-03-21,0.09589,205,Put,0.01,0,0.01,732,2202,0.96875,0,0,0,0,0,0,0,0,0,0.0121346,False
SPY,2025-03-21,0.09589,210,Put,0.01,0,0.01,738,4151,0.937501,0,0,0,0,0,0,0,0,0,0.0121288,False
SPY,2025-03-21,0.09589,215,Put,0.02,0.01,0.02,451,3727,0.992188,0,0,0,0,0,0,0,0,0,0.0121258,False
SPY,2025-03-21,0.09589,220,Put,0.02,0.01,0.02,487,5063,0.96875,0,0,0,0,0,0,0,0,0,0.0121244,False
SPY,2025-03-21,0.09589,225,Put,0.02,0.01,0.02,40,1090,0.945313,0,0,0,0,0,0,0,0,0,0.0121193,False
SPY,2025-03-21,0.09589,230,Put,0.02,0.01,0.02,25,2827,0.929688,0,0,0,0,0,0,0,0,0,0.0121163,False
SPY,2025-03-21,0.09589,235,Put,0.02,0.01,0.02,3475,5592,0.906251,0,0,0,0,0,0,0,0,0,0.0121296,False
SPY,2025-03-21,0.09589,240,Put,0.02,0.01,0.02,540,5460,0.890626,0,0,0,0,0,0,0,0,0,0.0121184,False
SPY,2025-03-21,0.09589,245,Put,0.01,0.01,0.02,10,5947,0.867189,0,0,0,0,0,0,0,0,0,0.0204561,False
SPY,2025-03-21,0.09589,250,Put,0.03,0.01,0.02,16,5797,0.851564,0,0,0,0,0,0,0,0,0,0.0204505,False
SPY,2025-03-21,0.09589,255,Put,0.03,0.02,0.03,20,3557,0.867189,0,0,0,0,0,0,0,0,0,0.0204468,False
SPY,2025-03-21,0.09589,260,Put,0.03,0.02,0.03,220,6061,0.847658,0,0,0,0,0,0,0,0,0,0.0206643,False
SPY,2025-03-21,0.09589,265,Put,0.03,0.02,0.03,204,3487,0.828127,0,0,0,0,0,0,0,0,0,0.0204364,False
SPY,2025-03-21,0.09589,270,Put,0.03,0.02,0.03,220,17130,0.812502,0,0,0,0,0,0,0,0,0,0.024638,False
SPY,2025-03-21,0.09589,275,Put,0.03,0.02,0.03,12,8481,0.792971,0,0,0,0,0,0,0,0,0,0.0288574,False
SPY,2025-03-21,0.09589,280,Put,0.03,0.02,0.03,6,9839,0.777346,0,0,0,0,0,0,0,0,0,0.0288478,False
SPY,2025-03-21,0.09589,285,Put,0.03,0.03,0.04,200,9570,0.781252,0,0,0,0,0,0,0,0,0,0.0373344,False
SPY,2025-03-21,0.09589,290,Put,0.04,0.03,0.04,31,8365,0.765627,0,0,0,0,0,0,0,0,0,0.0373264,False
SPY,2025-03-21,0.09589,295,Put,0.04,0.03,0.04,20,6804,0.746096,0,0,0,0,0,0,0,0,0,0.0373049,False
SPY,2025-03-21,0.09589,300,Put,0.04,0.03,0.04,85,4151,0.730471,0,0,0,0,0,0,0,0,0,0.0458438,False
SPY,2025-03-21,0.09589,305,Put,0.05,0.04,0.05,61,3204,0.730471,0,0,0,0,0,0,0,0,0,0.0458499,False
SPY,2025-03-21,0.09589,310,Put,0.05,0.04,0.05,327,1526,0.714847,0,0,0,0,0,0,0,0,0,0.045824,False
SPY,2025-03-21,0.09589,315,Put,0.05,0.04,0.05,107,1608,0.699222,0,0,0,0,0,0,0,0,0,0.045812,False
SPY,2025-03-21,0.09589,320,Put,0.05,0.05,0.06,2,8554,0.695316,0,0,0,0,0,0,0,0,0,0.0543728,False
SPY,2025-03-21,0.09589,325,Put,0.06,0.05,0.06,14,3853,0.679691,0,0,0,0,0,0,0,0,0,0.0543587,False
SPY,2025-03-21,0.09589,330,Put,0.06,0.06,0.07,15,5708,0.673831,0,0,0,0,0,0,0,0,0,0.0629494,False
SPY,2025-03-21,0.09589,335,Put,0.08,0.06,0.07,1262,5017,0.658207,0,0,0,0,0,0,0,0,0,0.0629331,False
SPY,2025-03-21,0.09589,340,Put,0.09,0.06,0.07,9,7438,0.642582,0,0,0,0,0,0,0,0,0,0.0715452,False
SPY,2025-03-21,0.09589,345,Put,0.07,0.07,0.08,122,1198,0.636722,0,0,0,0,0,0,0,0,0,0.0715252,False
SPY,2025-03-21,0.09589,350,Put,0.07,0.07,0.08,2,12575,0.621098,0,0,0,0,0,0,0,0,0,0.0801551,False
SPY,2025-03-21,0.09589,355,Put,0.09,0.08,0.09,911,3979,0.613285,0,0,0,0,0,0,0,0,0,0.0801399,False
SPY,2025-03-21,0.09589,360,Put,0.11,0.08,0.09,53,2622,0.599613,0,0,0,0,0,0,0,0,0,0.0887952,False
SPY,2025-03-21,0.09589,365,Put,0.11,0.09,0.1,5,7241,0.590824,0,0,0,0,0,0,0,0,0,0.0974617,False
SPY,2025-03-21,0.09589,370,Put,0.11,0.1,0.11,29,3847,0.582035,0,0,0,0,0,0,0,0,0,0.097431,False
SPY,2025-03-21,0.09589,375,Put,0.12,0.1,0.11,14,2022,0.567387,0,0,0,0,0,0,0,0,0,0.106116,False
SPY,2025-03-21,0.09589,380,Put,0.11,0.11,0.12,10,3903,0.558598,0,0,0,0,0,0,0,0,0,0.11481,False
SPY,2025-03-21,0.09589,385,Put,0.13,0.12,0.13,8,2912,0.548833,0,0,0,0,0,0,0,0,0,0.123519,False
SPY,2025-03-21,0.09589,390,Put,0.13,0.13,0.14,5,11997,0.539067,0,0,0,0,0,0,0,0,0,0.123498,False
SPY,2025-03-21,0.09589,395,Put,0.14,0.13,0.14,10,6514,0.524419,0,0,0,0,0,0,0,0,0,0.132185,False
SPY,2025-03-21,0.09589,400,Put,0.14,0.14,0.15,11,28879,0.514653,0,0,0,0,0,0,0,0,0,0.145302,False
SPY,2025-03-21,0.09589,405,Put,0.2,0.15,0.16,2,13339,0.504888,0,0,0,0,0,0,0,0,0,0.14964,False
SPY,2025-03-21,0.09589,410,Put,0.22,0.16,0.17,27,80669,0.496099,0,0,0,0,0,0,0,0,0,0.158375,False
SPY,2025-03-21,0.09589,415,Put,0.22,0.17,0.18,2,3785,0.485357,0,0,0,0,0,0,0,0,0,0.167114,False
SPY,2025-03-21,0.09589,420,Put,0.19,0.18,0.19,13,10105,0.474126,0,0,0,0,0,0,0,0,0,0.180271,False
SPY,2025-03-21,0.09589,425,Put,0.2,0.19,0.2,8,6249,0.463384,0,0,0,0,0,0,0,0,0,0.193442,False
SPY,2025-03-21,0.09589,430,Put,0.2,0.2,0.21,3,9561,0.452154,0,0,0,0,0,0,0,0,0,0.2022,False
SPY,2025-03-21,0.09589,435,Put,0.21,0.21,0.22,2,3980,0.440924,0,0,0,0,0,0,0,0,0,0.210945,False
SPY,2025-03-21,0.09589,440,Put,0.24,0.23,0.24,3,4478,0.432135,0,0,0,0,0,0,0,0,0,0.219699,False
SPY,2025-03-21,0.09589,445,Put,0.26,0.24,0.25,19,6743,0.420416,0,0,0,0,0,0,0,0,0,0.237321,False
SPY,2025-03-21,0.09589,450,Put,0.25,0.25,0.26,11,25032,0.409186,0,0,0,0,0,0,0,0,0,0.254961,False
SPY,2025-03-21,0.09589,455,Put,0.27,0.27,0.28,111,3560,0.39942,0,0,0,0,0,0,0,0,0,0.268155,False
SPY,2025-03-21,0.09589,460,Put,0.29,0.28,0.29,17,161819,0.387701,0,0,0,0,0,0,0,0,0,0.281346,False
SPY,2025-03-21,0.09589,465,Put,0.3,0.3,0.31,6,8761,0.377692,0,0,0,0,0,0,0,0,0,0.298985,False
SPY,2025-03-21,0.09589,470,Put,0.32,0.32,0.33,2,11344,0.367438,0,0,0,0,0,0,0,0,0,0.316646,False
SPY,2025-03-21,0.09589,475,Put,0.34,0.33,0.34,7,7038,0.355475,0,0,0,0,0,0,0,0,0,0.334273,False
SPY,2025-03-21,0.09589,480,Put,0.36,0.36,0.37,14,14434,0.346198,0,0,0,0,0,0,0,0,0,0.351904,False
SPY,2025-03-21,0.09589,485,Put,0.37,0.38,0.39,2,30938,0.335456,0,0,0,0,0,0,0,0,0,0.378484,False
SPY,2025-03-21,0.09589,490,Put,0.4,0.4,0.41,10,10623,0.32447,0,0,0,0,0,0,0,0,0,0.396079,False
SPY,2025-03-21,0.09589,495,Put,0.43,0.43,0.44,4,33636,0.31446,0,0,0,0,0,0,0,0,0,0.422628,False
SPY,2025-03-21,0.09589,500,Put,0.46,0.45,0.46,71,72465,0.302985,0,0,0,0,0,0,0,0,0,0.458168,False
SPY,2025-03-21,0.09589,505,Put,0.49,0.48,0.49,55,34848,0.292488,0,0,0,0,0,0,0,0,0,0.4937,False
SPY,2025-03-21,0.09589,510,Put,0.51,0.52,0.53,85,110105,0.2826,0,0,0,0,0,0,0,0,0,0.529194,False
SPY,2025-03-21,0.09589,515,Put,0.56,0.55,0.56,294,56420,0.271492,0,0,0,0,0,0,0,0,0,0.564646,False
SPY,2025-03-21,0.09589,520,Put,0.6,0.6,0.61,77,61835,0.261726,0,0,0,0,0,0,0,0,0,0.618158,False
SPY,2025-03-21,0.09589,525,Put,0.64,0.64,0.66,94,33868,0.251594,0,0,0,0,0,0,0,0,0,0.680711,False
SPY,2025-03-21,0.09589,530,Put,0.69,0.7,0.71,17,48662,0.240974,0,0,0,0,0,0,0,0,0,0.752321,False
SPY,2025-03-21,0.09589,535,Put,0.77,0.78,0.79,71,67637,0.231697,0,0,0,0,0,0,0,0,0,0.842136,False
SPY,2025-03-21,0.09589,540,Put,0.86,0.87,0.88,157,130896,0.222298,0,0,0,0,0,0,0,0,0,0.95021,False
SPY,2025-03-21,0.09589,545,Put,0.97,0.95,0.96,170,77688,0.2118,0,0,0,0,0,0,0,0,0,1.07661,False
SPY,2025-03-21,0.09589,550,Put,1.09,1.1,1.11,870,65967,0.203621,0,0,0,0,0,0,0,0,0,1.25826,False
SPY,2025-03-21,0.09589,551,Put,1.12,1.11,1.14,4,1138,0.201912,0,0,0,0,0,0,0,0,0,1.29461,False
SPY,2025-03-21,0.09589,552,Put,1.15,1.16,1.17,3,3113,0.200081,0,0,0,0,0,0,0,0,0,1.3402,False
SPY,2025-03-21,0.09589,553,Put,1.19,1.18,1.19,11,1121,0.197823,0,0,0,0,0,0,0,0,0,1.37193,False
SPY,2025-03-21,0.09589,554,Put,1.23,1.21,1.22,3,1934,0.195931,0,0,0,0,0,0,0,0,0,1.4407,False
SPY,2025-03-21,0.09589,555,Put,1.27,1.27,1.28,255,25188,0.195137,0,0,0,0,0,0,0,0,0,1.47707,False
SPY,2025-03-21,0.09589,556,Put,1.3,1.31,1.32,51,1872,0.19349,0,0,0,0,0,0,0,0,0,1.53199,False
SPY,2025-03-21,0.09589,557,Put,1.34,1.32,1.33,12,1572,0.190743,0,0,0,0,0,0,0,0,0,1.56835,False
SPY,2025-03-21,0.09589,558,Put,1.37,1.39,1.4,33,8308,0.190072,0,0,0,0,0,0,0,0,0,1.614,False
SPY,2025-03-21,0.09589,559,Put,1.45,1.44,1.45,6,1904,0.188607,0,0,0,0,0,0,0,0,0,1.67825,False
SPY,2025-03-21,0.09589,560,Put,1.49,1.48,1.49,5148,105153,0.186776,0,0,0,0,0,0,0,0,0,1.74252,False
SPY,2025-03-21,0.09589,561,Put,1.5,1.52,1.54,12,1064,0.185189,0,0,0,0,0,0,0,0,0,1.7975,False
SPY,2025-03-21,0.09589,562,Put,1.55,1.58,1.58,9,10872,0.183236,0,0,0,0,0,0,0,0,0,1.84316,False
SPY,2025-03-21,0.09589,563,Put,1.62,1.62,1.63,38,879,0.181588,0,0,0,0,0,0,0,0,0,1.91681,False
SPY,2025-03-21,0.09589,564,Put,1.66,1.68,1.69,83,30509,0.180123,0,0,0,0,0,0,0,0,0,1.97181,False
SPY,2025-03-21,0.09589,565,Put,1.73,1.73,1.74,6144,54195,0.178292,0,0,0,0,0,0,0,0,0,2.05485,False
SPY,2025-03-21,0.09589,566,Put,1.77,1.77,1.77,17,1382,0.175851,0,0,0,0,0,0,0,0,0,2.12858,False
SPY,2025-03-21,0.09589,567,Put,1.88,1.85,1.86,91,44203,0.175057,0,0,0,0,0,0,0,0,0,2.2117,False
SPY,2025-03-21,0.09589,568,Put,1.91,1.88,1.89,71,1885,0.172494,0,0,0,0,0,0,0,0,0,2.29485,False
SPY,2025-03-21,0.09589,569,Put,1.96,1.98,1.99,45,17897,0.171761,0,0,0,0,0,0,0,0,0,2.38742,False
SPY,2025-03-21,0.09589,570,Put,2.06,2.05,2.06,2229,70536,0.170174,0,0,0,0,0,0,0,0,0,2.48002,False
SPY,2025-03-21,0.09589,571,Put,2.12,2.13,2.14,314,50361,0.168709,0,0,0,0,0,0,0,0,0,2.55386,False
SPY,2025-03-21,0.09589,572,Put,2.2,2.21,2.22,417,17220,0.167184,0,0,0,0,0,0,0,0,0,2.6465,False
SPY,2025-03-21,0.09589,573,Put,2.26,2.28,2.3,3188,80648,0.165566,0,0,0,0,0,0,0,0,0,2.7486,False
SPY,2025-03-21,0.09589,574,Put,2.37,2.38,2.39,150,25563,0.164132,0,0,0,0,0,0,0,0,0,2.86964,False
SPY,2025-03-21,0.09589,575,Put,2.42,2.45,2.46,3152,43845,0.162118,0,0,0,0,0,0,0,0,0,2.98128,False
SPY,2025-03-21,0.09589,576,Put,2.52,2.5,2.52,187,31798,0.159829,0,0,0,0,0,0,0,0,0,3.05982,False
SPY,2025-03-21,0.09589,577,Put,2.59,2.64,2.66,51,25322,0.159188,0,0,0,0,0,0,0,0,0,3.18098,False
SPY,2025-03-21,0.09589,578,Put,2.71,2.74,2.76,135,2520,0.157601,0,0,0,0,0,0,0,0,0,3.34013,False
SPY,2025-03-21,0.09589,579,Put,2.85,2.8,2.81,79,2861,0.154855,0,0,0,0,0,0,0,0,0,3.47564,False
SPY,2025-03-21,0.09589,580,Put,2.97,2.98,3,1028,41959,0.154885,0,0,0,0,0,0,0,0,0,3.57315,False
SPY,2025-03-21,0.09589,581,Put,3.02,3.07,3.08,128,1901,0.152596,0,0,0,0,0,0,0,0,0,3.75158,False
SPY,2025-03-21,0.09589,582,Put,3.21,3.2,3.22,664,1342,0.151376,0,0,0,0,0,0,0,0,0,3.90154,False
SPY,2025-03-21,0.09589,583,Put,3.29,3.33,3.34,109,1200,0.149667,0,0,0,0,0,0,0,0,0,4.05154,False
SPY,2025-03-21,0.09589,584,Put,3.41,3.4,3.41,104,1550,0.146951,0,0,0,0,0,0,0,0,0,4.21592,False
SPY,2025-03-21,0.09589,585,Put,3.6,3.58,3.6,2075,39609,0.14631,0,0,0,0,0,0,0,0,0,4.40909,False
SPY,2025-03-21,0.09589,586,Put,3.74,3.74,3.76,213,2633,0.144967,0,0,0,0,0,0,0,0,0,4.54964,False
SPY,2025-03-21,0.09589,587,Put,3.82,3.88,3.9,98,3509,0.143167,0,0,0,0,0,0,0,0,0,4.73816,False
SPY,2025-03-21,0.09589,588,Put,3.99,4.04,4.06,602,2299,0.14161,0,0,0,0,0,0,0,0,0,4.8883,False
SPY,2025-03-21,0.09589,589,Put,4.15,4.22,4.23,837,1807,0.140054,0,0,0,0,0,0,0,0,0,5.17314,False
SPY,2025-03-21,0.09589,590,Put,4.4,4.38,4.4,4610,51180,0.138375,0,0,0,0,0,0,0,0,0,5.33301,False
SPY,2025-03-21,0.09589,591,Put,4.49,4.57,4.59,263,5432,0.13691,0,0,0,0,0,0,0,0,0,5.59891,False
SPY,2025-03-21,0.09589,592,Put,4.66,4.71,4.73,110,3507,0.1345,0,0,0,0,0,0,0,0,0,5.81673,False
SPY,2025-03-21,0.09589,593,Put,4.89,4.94,4.96,56,3459,0.13337,0,0,0,0,0,0,0,0,0,6.05395,False
SPY,2025-03-21,0.09589,594,Put,5.07,5.16,5.18,122,3252,0.131906,0,0,0,0,0,0,0,0,0,6.33002,False
SPY,2025-03-21,0.09589,595,Put,5.28,5.38,5.4,1662,29720,0.130273,0,0,0,0,0,0,0,0,0,6.56743,False
SPY,2025-03-21,0.09589,596,Put,5.6,5.59,5.61,409,2316,0.128366,0,0,0,0,0,0,0,0,0,6.84374,False
SPY,2025-03-21,0.09589,597,Put,5.7,5.83,5.85,232,6231,0.126718,0,0,0,0,0,0,0,0,0,7.12503,False
SPY,2025-03-21,0.09589,598,Put,5.99,6.09,6.11,102,5301,0.125161,0,0,0,0,0,0,0,0,0,7.42592,False
SPY,2025-03-21,0.09589,599,Put,6.24,6.36,6.38,573,6847,0.123605,0,0,0,0,0,0,0,0,0,7.71717,False
SPY,2025-03-21,0.09589,600,Put,6.62,6.64,6.66,5004,62133,0.121988,0,0,0,0,0,0,0,0,0,8.06224,False
SPY,2025-03-21,0.09589,601,Put,6.78,6.89,6.91,313,3488,0.11976,0,0,0,0,0,0,0,0,0,8.38304,False
SPY,2025-03-21,0.09589,602,Put,7.12,7.11,7.13,878,2090,0.116983,0,0,0,0,0,0,0,0,0,8.73824,False
SPY,2025-03-21,0.09589,603,Put,7.37,7.49,7.51,444,3782,0.116113,0,0,0,0,0,0,0,0,0,9.16722,False
SPY,2025-03-21,0.09589,604,Put,7.7,7.81,7.83,462,2953,0.114236,0,0,0,0,0,0,0,0,0,9.54247,False
SPY,2025-03-21,0.09589,605,Put,8.04,8,8.02,1586,26095,0.110452,0,0,0,0,0,0,0,0,0,9.86863,False
SPY,2025-03-21,0.09589,606,Put,8.47,8.51,8.53,602,2210,0.110605,0,0,0,0,0,0,0,0,0,10.3328,True
SPY,2025-03-21,0.09589,607,Put,8.92,8.89,8.91,831,2873,0.108835,0,0,0,0,0,0,0,0,0,10.7726,True
SPY,2025-03-21,0.09589,608,Put,9.22,9.27,9.29,362,1260,0.10679,0,0,0,0,0,0,0,0,0,11.2868,True
SPY,2025-03-21,0.09589,609,Put,9.61,9.67,9.69,173,472,0.104745,0,0,0,0,0,0,0,0,0,11.6479,True
SPY,2025-03-21,0.09589,610,Put,10.1,10.1,10.12,1302,7773,0.102823,0,0,0,0,0,0,0,0,0,12.2321,True
SPY,2025-03-21,0.09589,611,Put,10.31,10.51,10.53,80,889,0.100351,0,0,0,0,0,0,0,0,0,12.6926,True
SPY,2025-03-21,0.09589,612,Put,11.03,11,11.02,178,804,0.0986113,0,0,0,0,0,0,0,0,0,13.1333,True
SPY,2025-03-21,0.09589,613,Put,11.34,11.48,11.51,5,885,0.0965361,0,0,0,0,0,0,0,0,0,13.8828,True
SPY,2025-03-21,0.09589,614,Put,12.13,11.97,12,5,363,0.0940948,0,0,0,0,0,0,0,0,0,14.4736,True
SPY,2025-03-21,0.09589,615,Put,12.3,12.29,12.57,12,1420,0.0924163,0,0,0,0,0,0,0,0,0,15.0996,True
SPY,2025-03-21,0.09589,616,Put,16.94,12.65,13.19,6,184,0.0911041,0,0,0,0,0,0,0,0,0,15.7111,True
SPY,2025-03-21,0.09589,617,Put,17.56,13.28,13.86,19,133,0.0901885,0,0,0,0,0,0,0,0,0,16.4429,True
SPY,2025-03-21,0.09589,618,Put,14.05,13.77,14.46,8,39,0.0877472,0,0,0,0,0,0,0,0,0,17.1152,True
SPY,2025-03-21,0.09589,619,Put,14.68,14.37,15.09,8,119,0.0852753,0,0,0,0,0,0,0,0,0,17.838,True
SPY,2025-03-21,0.09589,620,Put,15.44,15.15,15.44,125,1276,0.0767915,0,0,0,0,0,0,0,0,0,18.5111,True
SPY,2025-03-21,0.09589,621,Put,18.75,15.7,16.43,34,146,0.0799653,0,0,0,0,0,0,0,0,0,19.1746,True
SPY,2025-03-21,0.09589,622,Put,18.97,16.28,17.07,4,10,0.0754182,0,0,0,0,0,0,0,0,0,20.0743,True
SPY,2025-03-21,0.09589,623,Put,17.35,17.17,17.82,1,151,0.0722749,0,0,0,0,0,0,0,0,0,20.9193,True
SPY,2025-03-21,0.09589,624,Put,17.89,17.78,18.72,1,145,0.072458,0,0,0,0,0,0,0,0,0,21.7548,True
SPY,2025-03-21,0.09589,625,Put,19,18.66,19.12,4,291,0.0490818,0,0,0,0,0,0,0,0,0,22.5655,True
SPY,2025-03-21,0.09589,626,Put,22.92,19.15,20,22,22,1e-05,0,0,0,0,0,0,0,0,0,23.4068,True
SPY,2025-03-21,0.09589,627,Put,20.21,20.12,21.02,3,23,1e-05,0,0,0,0,0,0,0,0,0,24.2284,True
SPY,2025-03-21,0.09589,628,Put,24.66,20.84,21.58,27,14,1e-05,0,0,0,0,0,0,0,0,0,25.3719,True
SPY,2025-03-21,0.09589,629,Put,25.38,21.69,22.53,2,8,1e-05,0,0,0,0,0,0,0,0,0,26.325,True
SPY,2025-03-21,0.09589,630,Put,23.05,22.75,23.29,41,288,1e-05,0,0,0,0,0,0,0,0,0,27.1929,True
SPY,2025-03-21,0.09589,631,Put,28.76,23.43,24.66,2,0,1e-05,0,0,0,0,0,0,0,0,0,28.3875,True
SPY,2025-03-21,0.09589,633,Put,37,25.29,26.51,1,0,1e-05,0,0,0,0,0,0,0,0,0,30.4709,True
SPY,2025-03-21,0.09589,634,Put,27.75,26.23,27.12,20,0,1e-05,0,0,0,0,0,0,0,0,0,31.4904,True
SPY,2025-03-21,0.09589,635,Put,28.76,27.37,28.05,2,1,1e-05,0,0,0,0,0,0,0,0,0,32.3747,True
SPY,2025-03-21,0.09589,636,Put,32.45,28.26,29.42,24,0,1e-05,0,0,0,0,0,0,0,0,0,33.4447,True
SPY,2025-03-21,0.09589,637,Put,31.24,29.26,30.4,40,0,1e-05,0,0,0,0,0,0,0,0,0,34.4797,True
SPY,2025-03-21,0.09589,639,Put,33.91,31.02,33.25,1,0,0.0896087,0,0,0,0,0,0,0,0,0,36.4,True
SPY,2025-03-21,0.09589,640,Put,39.3,32.49,33.36,120,62,1e-05,0,0,0,0,0,0,0,0,0,37.2004,True
SPY,2025-03-21,0.09589,641,Put,43.7,33.27,35.25,0,0,0.0938811,0,0,0,0,0,0,0,0,0,38.446,True
SPY,2025-03-21,0.09589,643,Put,35.34,35.27,37.25,2,0,0.0981535,0,0,0,0,0,0,0,0,0,40.3776,True
SPY,2025-03-21,0.09589,645,Put,41.23,37.12,38.35,1,1,1e-05,0,0,0,0,0,0,0,0,0,42.2648,True
SPY,2025-03-21,0.09589,650,Put,50.06,42.24,43.17,1,3,1e-05,0,0,0,0,0,0,0,0,0,47.4314,True
SPY,2025-03-21,0.09589,655,Put,62.09,46.35,49.54,11,0,0.142709,0,0,0,0,0,0,0,0,0,52.022,True
SPY,2025-03-21,0.09589,660,Put,82.72,51.24,54.52,1,0,0.152596,0,0,0,0,0,0,0,0,0,56.9784,True
SPY,2025-03-21,0.09589,665,Put,65.95,65.31,68.33,4,0,0.372443,0,0,0,0,0,0,0,0,0,65.6904,True
SPY,2025-03-21,0.09589,680,Put,81.35,0,0,1,0,1e-05,0,0,0,0,0,0,0,0,0,80.1839,True
SPY,2025-03-21,0.09589,685,Put,81.14,85.49,88.34,1,0,0.437048,0,0,0,0,0,0,0,0,0,85.7303,True
SPY,2025-03-21,0.09589,700,Put,107,100.49,103.32,1,0,0.481634,0,0,0,0,0,0,0,0,0,100.688,True
SPY,2025-03-21,0.09589,705,Put,107.13,100.67,103.84,1,0,0.400824,0,0,0,0,0,0,0,0,0,101.1,True
SPY,2025-03-21,0.09589,710,Put,140.79,124.36,126.26,3,0,0.713107,0,0,0,0,0,0,0,0,0,123.88,True
SPY,2025-03-21,0.09589,720,Put,125.25,120.32,123.34,28,0,0.507512,0,0,0,0,0,0,0,0,0,120.579,True
SPY,2025-03-21,0.09589,730,Put,145.75,130.3,133.34,0,0,0.533452,0,0,0,0,0,0,0,0,0,130.554,True
SPY,2025-03-21,0.09589,760,Put,165.25,160.49,163.45,86,0,0.610935,0,0,0,0,0,0,0,0,0,160.661,True
SPY,2025-03-21,0.09589,800,Put,224.46,195.57,198.74,0,0,0.558049,0,0,0,0,0,0,0,0,0,195.928,True
SPY,2025-03-21,0.09589,815,Put,232.66,227.75,230.16,0,0,0.979889,0,0,0,0,0,0,0,0,0,227.333,True
SPY,2025-03-21,0.09589,820,Put,234.75,216.73,218.96,2,0,0.621464,0,0,0,0,0,0,0,0,0,216.587,True
SPY,2025-04-17,0.169863,260,Call,347.16,347.6,348.88,1,5,1.09546,0,0,0,0,0,0,0,0,0,345.759,True
SPY,2025-04-17,0.169863,270,Call,339.72,329.87,331.15,2,3,1e-05,0,0,0,0,0,0,0,0,0,335.83,True
SPY,2025-04-17,0.169863,275,Call,316,330.49,333.71,1,1,0.918458,0,0,0,0,0,0,0,0,0,332.271,True
SPY,2025-04-17,0.169863,280,Call,293.02,308.53,311.42,3,0,1e-05,0,0,0,0,0,0,0,0,0,325.902,True
SPY,2025-04-17,0.169863,285,Call,321.51,322.57,323.74,1,1,0.981201,0,0,0,0,0,0,0,0,0,320.937,True
SPY,2025-04-17,0.169863,290,Call,298.06,299.38,302.43,0,1,1e-05,0,0,0,0,0,0,0,0,0,315.973,True
SPY,2025-04-17,0.169863,295,Call,297.27,0,0,2,13,1e-05,0,0,0,0,0,0,0,0,0,311.008,True
SPY,2025-04-17,0.169863,300,Call,304.75,307.91,309.12,1,26,0.947388,0,0,0,0,0,0,0,0,0,306.044,True
SPY,2025-04-17,0.169863,305,Call,292.05,302.87,304.11,12,32,0.925904,0,0,0,0,0,0,0,0,0,301.08,True
SPY,2025-04-17,0.169863,320,Call,279.73,286.24,289.47,5,3,0.824221,0,0,0,0,0,0,0,0,0,288.005,True
SPY,2025-04-17,0.169863,325,Call,265.85,276.03,279.47,1,16,1e-05,0,0,0,0,0,0,0,0,0,281.222,True
SPY,2025-04-17,0.169863,330,Call,275.02,278.1,279.34,3,29,0.845827,0,0,0,0,0,0,0,0,0,276.258,True
SPY,2025-04-17,0.169863,335,Call,213.55,228.84,232.16,2,2,1e-05,0,0,0,0,0,0,0,0,0,271.294,True
SPY,2025-04-17,0.169863,340,Call,267,260.35,261.55,8,3,1e-05,0,0,0,0,0,0,0,0,0,266.329,True
SPY,2025-04-17,0.169863,345,Call,248.91,255.39,256.59,2,11,1e-05,0,0,0,0,0,0,0,0,0,261.365,True
SPY,2025-04-17,0.169863,350,Call,257.39,258.24,259.42,4,10,0.78052,0,0,0,0,0,0,0,0,0,256.401,True
SPY,2025-04-17,0.169863,355,Call,246.5,253.23,254.37,9,32,0.761477,0,0,0,0,0,0,0,0,0,251.436,True
SPY,2025-04-17,0.169863,360,Call,245.85,248.32,249.53,4,23,0.750857,0,0,0,0,0,0,0,0,0,246.472,True
SPY,2025-04-17,0.169863,365,Call,246.52,243.02,244.26,1,3,0.719119,0,0,0,0,0,0,0,0,0,241.508,True
SPY,2025-04-17,0.169863,370,Call,243.05,238.24,239.51,1,7,0.714602,0,0,0,0,0,0,0,0,0,236.543,True
SPY,2025-04-17,0.169863,375,Call,225.3,233.28,234.45,2,48,0.697513,0,0,0,0,0,0,0,0,0,231.579,True
SPY,2025-04-17,0.169863,380,Call,230.78,220.88,222.03,1,2,1e-05,0,0,0,0,0,0,0,0,0,226.615,True
SPY,2025-04-17,0.169863,385,Call,215.49,223.52,224.6,4,2,0.674076,0,0,0,0,0,0,0,0,0,221.65,True
SPY,2025-04-17,0.169863,390,Call,210.26,218.56,219.7,4,4,0.661014,0,0,0,0,0,0,0,0,0,216.686,True
SPY,2025-04-17,0.169863,395,Call,212.67,213.72,214.79,5,44,0.650333,0,0,0,0,0,0,0,0,0,211.722,True
SPY,2025-04-17,0.169863,400,Call,211.87,208.65,209.72,5,120,0.631412,0,0,0,0,0,0,0,0,0,206.757,True
SPY,2025-04-17,0.169863,405,Call,202.79,203.84,204.93,5,193,0.623783,0,0,0,0,0,0,0,0,0,201.793,True
SPY,2025-04-17,0.169863,410,Call,191.44,198.7,199.84,1,161,0.60352,0,0,0,0,0,0,0,0,0,196.829,True
SPY,2025-04-17,0.169863,415,Call,185.15,193.75,194.88,9,107,0.589787,0,0,0,0,0,0,0,0,0,191.864,True
SPY,2025-04-17,0.169863,420,Call,186.89,188.69,189.93,1,674,0.574223,0,0,0,0,0,0,0,0,0,186.9,True
SPY,2025-04-17,0.169863,425,Call,182.62,183.92,185.03,1,232,0.565068,0,0,0,0,0,0,0,0,0,181.935,True
SPY,2025-04-17,0.169863,430,Call,177.98,178.82,179.93,3,442,0.546269,0,0,0,0,0,0,0,0,0,176.971,True
SPY,2025-04-17,0.169863,435,Call,172.25,173.99,175.11,2,88,0.537358,0,0,0,0,0,0,0,0,0,172.007,True
SPY,2025-04-17,0.169863,440,Call,167.8,169.13,170.17,3,74,0.525762,0,0,0,0,0,0,0,0,0,167.042,True
SPY,2025-04-17,0.169863,445,Call,161.47,164.12,165.23,2,76,0.511602,0,0,0,0,0,0,0,0,0,162.078,True
SPY,2025-04-17,0.169863,450,Call,154.5,158.93,160.03,2,145,0.507878,0,0,0,0,0,0,0,0,0,157.114,True
SPY,2025-04-17,0.169863,455,Call,153.78,154.16,155.35,1,105,0.502324,0,0,0,0,0,0,0,0,0,152.149,True
SPY,2025-04-17,0.169863,460,Call,148.23,149.14,150.22,3,34,0.483526,0,0,0,0,0,0,0,0,0,147.185,True
SPY,2025-04-17,0.169863,465,Call,142.27,144.4,145.49,1,381,0.47614,0,0,0,0,0,0,0,0,0,142.221,True
SPY,2025-04-17,0.169863,470,Call,136.93,139.53,140.6,2,88,0.464117,0,0,0,0,0,0,0,0,0,137.256,True
SPY,2025-04-17,0.169863,475,Call,131.9,134.73,135.73,1,139,0.45252,0,0,0,0,0,0,0,0,0,132.292,True
SPY,2025-04-17,0.169863,480,Call,123.71,129.69,130.75,1,2576,0.438085,0,0,0,0,0,0,0,0,0,127.328,True
SPY,2025-04-17,0.169863,485,Call,123.71,124.63,125.8,1,1615,0.424444,0,0,0,0,0,0,0,0,0,122.363,True
SPY,2025-04-17,0.169863,490,Call,118.8,119.56,120.66,1,116,0.406286,0,0,0,0,0,0,0,0,0,117.399,True
SPY,2025-04-17,0.169863,495,Call,112.2,114.64,115.72,3,60,0.393011,0,0,0,0,0,0,0,0,0,112.435,True
SPY,2025-04-17,0.169863,500,Call,107.1,110.13,111.13,2,298,0.387549,0,0,0,0,0,0,0,0,0,107.47,True
SPY,2025-04-17,0.169863,505,Call,99.16,105.14,106.14,2,662,0.372931,0,0,0,0,0,0,0,0,0,102.506,True
SPY,2025-04-17,0.169863,510,Call,99.29,100.17,101.3,22,334,0.361457,0,0,0,0,0,0,0,0,0,97.5416,True
SPY,2025-04-17,0.169863,515,Call,94.19,95.09,96.21,2,1079,0.344825,0,0,0,0,0,0,0,0,0,92.5773,True
SPY,2025-04-17,0.169863,520,Call,91.08,90.28,91.38,2,2276,0.333381,0,0,0,0,0,0,0,0,0,87.6129,True
SPY,2025-04-17,0.169863,525,Call,85.92,85.74,86.84,4,4216,0.327125,0,0,0,0,0,0,0,0,0,82.6486,True
SPY,2025-04-17,0.169863,530,Call,78.22,80.66,81.64,34,4624,0.308418,0,0,0,0,0,0,0,0,0,77.6842,True
SPY,2025-04-17,0.169863,535,Call,73.94,75.92,76.86,2,1789,0.297279,0,0,0,0,0,0,0,0,0,72.7199,True
SPY,2025-04-17,0.169863,540,Call,71.99,71.17,71.99,9,2511,0.284339,0,0,0,0,0,0,0,0,0,67.7555,True
SPY,2025-04-17,0.169863,545,Call,62.08,66.3,67.28,2,2394,0.27375,0,0,0,0,0,0,0,0,0,62.7912,True
SPY,2025-04-17,0.169863,550,Call,59.21,61.85,62.61,5,4392,0.263374,0,0,0,0,0,0,0,0,0,58.0168,True
SPY,2025-04-17,0.169863,555,Call,55.78,57.08,57.96,1,1756,0.252785,0,0,0,0,0,0,0,0,0,53.5626,True
SPY,2025-04-17,0.169863,560,Call,50.15,52.52,53.28,4,2943,0.24128,0,0,0,0,0,0,0,0,0,48.9396,True
SPY,2025-04-17,0.169863,565,Call,42.73,47.81,48.7,8,2305,0.230583,0,0,0,0,0,0,0,0,0,44.4152,True
SPY,2025-04-17,0.169863,570,Call,40.89,43.5,44.26,126,2052,0.221016,0,0,0,0,0,0,0,0,0,40.322,True
SPY,2025-04-17,0.169863,575,Call,39.8,39.45,39.92,9,7366,0.21183,0,0,0,0,0,0,0,0,0,36.0368,True
SPY,2025-04-17,0.169863,580,Call,33.1,35.19,35.49,33,8442,0.2006,0,0,0,0,0,0,0,0,0,31.8224,True
SPY,2025-04-17,0.169863,585,Call,31.32,30.99,31.27,6,8671,0.190773,0,0,0,0,0,0,0,0,0,27.6591,True
SPY,2025-04-17,0.169863,590,Call,27.08,27,27.19,32,9704,0.181191,0,0,0,0,0,0,0,0,0,23.8578,True
SPY,2025-04-17,0.169863,595,Call,23.33,23.15,23.21,19,9305,0.171212,0,0,0,0,0,0,0,0,0,20.1236,True
SPY,2025-04-17,0.169863,600,Call,19.65,19.46,19.5,133,16011,0.16227,0,0,0,0,0,0,0,0,0,16.6498,True
SPY,2025-04-17,0.169863,605,Call,16.3,16.03,16.07,343,7515,0.154061,0,0,0,0,0,0,0,0,0,13.4668,True
SPY,2025-04-17,0.169863,610,Call,13.01,12.94,12.97,836,17719,0.146707,0,0,0,0,0,0,0,0,0,10.6103,False
SPY,2025-04-17,0.169863,615,Call,10.03,10.18,10.21,581,9175,0.139977,0,0,0,0,0,0,0,0,0,8.09595,False
SPY,2025-04-17,0.169863,620,Call,7.64,7.53,7.56,3193,10567,0.131112,0,0,0,0,0,0,0,0,0,5.93925,False
SPY,2025-04-17,0.169863,625,Call,5.5,5.5,5.53,865,11092,0.125177,0,0,0,0,0,0,0,0,0,4.2299,False
SPY,2025-04-17,0.169863,630,Call,3.99,3.88,3.9,361,23785,0.119912,0,0,0,0,0,0,0,0,0,2.96271,False
SPY,2025-04-17,0.169863,635,Call,2.76,2.73,2.75,88,16459,0.116922,0,0,0,0,0,0,0,0,0,2.0028,False
SPY,2025-04-17,0.169863,640,Call,1.79,1.78,1.8,431,15215,0.112771,0,0,0,0,0,0,0,0,0,1.33419,False
SPY,2025-04-17,0.169863,645,Call,1.22,1.17,1.19,21,7280,0.110605,0,0,0,0,0,0,0,0,0,0.876361,False
SPY,2025-04-17,0.169863,650,Call,0.78,0.77,0.78,31,4639,0.109262,0,0,0,0,0,0,0,0,0,0.563867,False
SPY,2025-04-17,0.169863,655,Call,0.47,0.49,0.5,32,1828,0.108163,0,0,0,0,0,0,0,0,0,0.36122,False
SPY,2025-04-17,0.169863,660,Call,0.31,0.3,0.31,226,4790,0.107065,0,0,0,0,0,0,0,0,0,0.238051,False
SPY,2025-04-17,0.169863,665,Call,0.18,0.2,0.21,13,5383,0.108041,0,0,0,0,0,0,0,0,0,0.159596,False
SPY,2025-04-17,0.169863,670,Call,0.14,0.13,0.14,75,5359,0.108896,0,0,0,0,0,0,0,0,0,0.110726,False
SPY,2025-04-17,0.169863,675,Call,0.1,0.1,0.11,5,6069,0.112069,0,0,0,0,0,0,0,0,0,0.0814915,False
SPY,2025-04-17,0.169863,680,Call,0.08,0.07,0.08,19,10938,0.114023,0,0,0,0,0,0,0,0,0,0.0620672,False
SPY,2025-04-17,0.169863,685,Call,0.05,0.05,0.06,53,12486,0.11622,0,0,0,0,0,0,0,0,0,0.0427607,False
SPY,2025-04-17,0.169863,690,Call,0.05,0.04,0.05,20,1061,0.120126,0,0,0,0,0,0,0,0,0,0.0426851,False
SPY,2025-04-17,0.169863,695,Call,0.04,0.03,0.04,4,796,0.123056,0,0,0,0,0,0,0,0,0,0.0330759,False
SPY,2025-04-17,0.169863,700,Call,0.03,0.03,0.04,44,4546,0.128915,0,0,0,0,0,0,0,0,0,0.023514,False
SPY,2025-04-17,0.169863,705,Call,0.02,0.02,0.03,200,1606,0.130868,0,0,0,0,0,0,0,0,0,0.0234818,False
SPY,2025-04-17,0.169863,710,Call,0.02,0.02,0.03,1,593,0.135751,0,0,0,0,0,0,0,0,0,0.0234461,False
SPY,2025-04-17,0.169863,715,Call,0.03,0.01,0.03,40,676,0.14161,0,0,0,0,0,0,0,0,0,0.0139813,False
SPY,2025-04-17,0.169863,720,Call,0.01,0.01,0.02,6,374,0.140634,0,0,0,0,0,0,0,0,0,0.0139594,False
SPY,2025-04-17,0.169863,725,Call,0.03,0.01,0.02,2,259,0.146493,0,0,0,0,0,0,0,0,0,0.0139451,False
SPY,2025-04-17,0.169863,730,Call,0.01,0.01,0.02,201,88,0.151376,0,0,0,0,0,0,0,0,0,0.0139278,False
SPY,2025-04-17,0.169863,735,Call,0.01,0.01,0.02,200,57,0.156258,0,0,0,0,0,0,0,0,0,0.0139078,False
SPY,2025-04-17,0.169863,740,Call,0.01,0.01,0.02,619,854,0.161141,0,0,0,0,0,0,0,0,0,0.0138974,False
SPY,2025-04-17,0.169863,745,Call,0.01,0.01,0.02,90,1216,0.166024,0,0,0,0,0,0,0,0,0,0.0138857,False
SPY,2025-04-17,0.169863,750,Call,0.01,0,0.01,116,4693,0.160165,0,0,0,0,0,0,0,0,0,0.00920731,False
SPY,2025-04-17,0.169863,755,Call,0.01,0,0.01,10,1243,0.166024,0,0,0,0,0,0,0,0,0,0.00919981,False
SPY,2025-04-17,0.169863,760,Call,0.01,0,0.01,94,390,0.171883,0,0,0,0,0,0,0,0,0,0.00919321,False
SPY,2025-04-17,0.169863,765,Call,0.01,0,0.01,1365,1382,0.175789,0,0,0,0,0,0,0,0,0,0.00918387,False
SPY,2025-04-17,0.169863,770,Call,0.01,0,0.01,100,1362,0.179696,0,0,0,0,0,0,0,0,0,0.00917704,False
SPY,2025-04-17,0.169863,775,Call,0.01,0,0.01,268,1175,0.183602,0,0,0,0,0,0,0,0,0,0.00917011,False
SPY,2025-04-17,0.169863,780,Call,0.01,0,0.01,959,1645,0.187508,0,0,0,0,0,0,0,0,0,0.00916437,False
SPY,2025-04-17,0.169863,785,Call,0.01,0,0.01,265,3076,0.191414,0,0,0,0,0,0,0,0,0,0.00915834,False
SPY,2025-04-17,0.169863,790,Call,0.01,0,0.01,1,3228,0.197274,0,0,0,0,0,0,0,0,0,0.0091507,False
SPY,2025-04-17,0.169863,795,Call,0.01,0,0.01,2,229,0.20118,0,0,0,0,0,0,0,0,0,0.00914622,False
SPY,2025-04-17,0.169863,800,Call,0.01,0,0.01,272,2467,0.207039,0,0,0,0,0,0,0,0,0,0.00913926,False
SPY,2025-04-17,0.169863,805,Call,0.01,0,0.01,371,949,0.210945,0,0,0,0,0,0,0,0,0,0.00913616,False
SPY,2025-04-17,0.169863,810,Call,0.01,0,0.01,5945,5625,0.214852,0,0,0,0,0,0,0,0,0,0.00912824,False
SPY,2025-04-17,0.169863,815,Call,0.01,0,0.01,4537,5863,0.218758,0,0,0,0,0,0,0,0,0,0.00912255,False
SPY,2025-04-17,0.169863,820,Call,0.01,0,0.01,816,3113,0.222664,0,0,0,0,0,0,0,0,0,0.00911865,False
SPY,2025-04-17,0.169863,825,Call,0.01,0,0.01,1429,4874,0.22657,0,0,0,0,0,0,0,0,0,0.00911227,False
SPY,2025-04-17,0.169863,830,Call,0.01,0,0.01,273,5077,0.230476,0,0,0,0,0,0,0,0,0,0.00911081,False
SPY,2025-04-17,0.169863,260,Put,0.08,0.07,0.08,4,9691,0.708987,0,0,0,0,0,0,0,0,0,0.0778613,False
SPY,2025-04-17,0.169863,265,Put,0.09,0.08,0.09,25,3883,0.702151,0,0,0,0,0,0,0,0,0,0.0871681,False
SPY,2025-04-17,0.169863,270,Put,0.11,0.08,0.09,55,804,0.687503,0,0,0,0,0,0,0,0,0,0.0964669,False
SPY,2025-04-17,0.169863,275,Put,0.09,0.09,0.1,440,952,0.679691,0,0,0,0,0,0,0,0,0,0.096472,False
SPY,2025-04-17,0.169863,280,Put,0.1,0.09,0.1,245,6324,0.665042,0,0,0,0,0,0,0,0,0,0.105794,False
SPY,2025-04-17,0.169863,285,Put,0.1,0.1,0.11,25,830,0.65723,0,0,0,0,0,0,0,0,0,0.11513,False
SPY,2025-04-17,0.169863,290,Put,0.11,0.11,0.12,65,557,0.648441,0,0,0,0,0,0,0,0,0,0.115141,False
SPY,2025-04-17,0.169863,295,Put,0.12,0.11,0.12,5,710,0.634769,0,0,0,0,0,0,0,0,0,0.124489,False
SPY,2025-04-17,0.169863,300,Put,0.13,0.12,0.13,34,2453,0.62598,0,0,0,0,0,0,0,0,0,0.13385,False
SPY,2025-04-17,0.169863,305,Put,0.15,0.13,0.14,21,1325,0.617191,0,0,0,0,0,0,0,0,0,0.143218,False
SPY,2025-04-17,0.169863,310,Put,0.14,0.14,0.15,177,1134,0.608402,0,0,0,0,0,0,0,0,0,0.15257,False
SPY,2025-04-17,0.169863,315,Put,0.15,0.15,0.16,11,228,0.598637,0,0,0,0,0,0,0,0,0,0.161986,False
SPY,2025-04-17,0.169863,320,Put,0.17,0.16,0.17,33,550,0.589848,0,0,0,0,0,0,0,0,0,0.171376,False
SPY,2025-04-17,0.169863,325,Put,0.19,0.17,0.18,3,611,0.580082,0,0,0,0,0,0,0,0,0,0.180793,False
SPY,2025-04-17,0.169863,330,Put,0.18,0.18,0.19,21,351,0.570317,0,0,0,0,0,0,0,0,0,0.190196,False
SPY,2025-04-17,0.169863,335,Put,0.19,0.19,0.2,10,1952,0.560551,0,0,0,0,0,0,0,0,0,0.204331,False
SPY,2025-04-17,0.169863,340,Put,0.21,0.2,0.21,5,1038,0.550786,0,0,0,0,0,0,0,0,0,0.218472,False
SPY,2025-04-17,0.169863,345,Put,0.23,0.22,0.23,2,222,0.54395,0,0,0,0,0,0,0,0,0,0.227916,False
SPY,2025-04-17,0.169863,350,Put,0.23,0.23,0.24,4,5651,0.533696,0,0,0,0,0,0,0,0,0,0.237369,False
SPY,2025-04-17,0.169863,355,Put,0.25,0.24,0.25,12,690,0.523442,0,0,0,0,0,0,0,0,0,0.24682,False
SPY,2025-04-17,0.169863,360,Put,0.25,0.25,0.26,3,641,0.513677,0,0,0,0,0,0,0,0,0,0.26575,False
SPY,2025-04-17,0.169863,365,Put,0.3,0.26,0.27,102,194,0.503423,0,0,0,0,0,0,0,0,0,0.275221,False
SPY,2025-04-17,0.169863,370,Put,0.3,0.28,0.29,2,292,0.496587,0,0,0,0,0,0,0,0,0,0.289433,False
SPY,2025-04-17,0.169863,375,Put,0.3,0.29,0.3,1,303,0.486333,0,0,0,0,0,0,0,0,0,0.303646,False
SPY,2025-04-17,0.169863,380,Put,0.33,0.31,0.32,3,3698,0.478033,0,0,0,0,0,0,0,0,0,0.317905,False
SPY,2025-04-17,0.169863,385,Put,0.36,0.32,0.33,4,2043,0.467779,0,0,0,0,0,0,0,0,0,0.332149,False
SPY,2025-04-17,0.169863,390,Put,0.35,0.34,0.35,5,4979,0.459478,0,0,0,0,0,0,0,0,0,0.351157,False
SPY,2025-04-17,0.169863,395,Put,0.38,0.35,0.36,103,8768,0.44898,0,0,0,0,0,0,0,0,0,0.36069,False
SPY,2025-04-17,0.169863,400,Put,0.37,0.36,0.37,6,3462,0.438726,0,0,0,0,0,0,0,0,0,0.39396,False
SPY,2025-04-17,0.169863,405,Put,0.42,0.39,0.4,38,658,0.431402,0,0,0,0,0,0,0,0,0,0.398775,False
SPY,2025-04-17,0.169863,410,Put,0.41,0.41,0.42,4,1781,0.422613,0,0,0,0,0,0,0,0,0,0.417844,False
SPY,2025-04-17,0.169863,415,Put,0.46,0.42,0.44,201,1619,0.41358,0,0,0,0,0,0,0,0,0,0.436942,False
SPY,2025-04-17,0.169863,420,Put,0.44,0.44,0.46,9,1559,0.404303,0,0,0,0,0,0,0,0,0,0.460795,False
SPY,2025-04-17,0.169863,425,Put,0.47,0.47,0.48,67,1544,0.39527,0,0,0,0,0,0,0,0,0,0.484683,False
SPY,2025-04-17,0.169863,430,Put,0.5,0.49,0.49,5,1801,0.384772,0,0,0,0,0,0,0,0,0,0.503826,False
SPY,2025-04-17,0.169863,435,Put,0.54,0.51,0.52,225,446,0.376715,0,0,0,0,0,0,0,0,0,0.532528,False
SPY,2025-04-17,0.169863,440,Put,0.58,0.54,0.55,18,886,0.368292,0,0,0,0,0,0,0,0,0,0.551708,False
SPY,2025-04-17,0.169863,445,Put,0.61,0.56,0.57,119,821,0.358893,0,0,0,0,0,0,0,0,0,0.585234,False
SPY,2025-04-17,0.169863,450,Put,0.6,0.59,0.6,5,8143,0.350226,0,0,0,0,0,0,0,0,0,0.618799,False
SPY,2025-04-17,0.169863,455,Put,0.62,0.62,0.63,2,778,0.341559,0,0,0,0,0,0,0,0,0,0.647614,False
SPY,2025-04-17,0.169863,460,Put,0.64,0.64,0.66,20,1615,0.332648,0,0,0,0,0,0,0,0,0,0.676455,False
SPY,2025-04-17,0.169863,465,Put,0.71,0.68,0.69,471,1945,0.323737,0,0,0,0,0,0,0,0,0,0.7197,False
SPY,2025-04-17,0.169863,470,Put,0.72,0.72,0.73,20,5991,0.315314,0,0,0,0,0,0,0,0,0,0.762997,False
SPY,2025-04-17,0.169863,475,Put,0.75,0.75,0.76,230,1214,0.306159,0,0,0,0,0,0,0,0,0,0.801535,False
SPY,2025-04-17,0.169863,480,Put,0.81,0.79,0.81,90,3899,0.298103,0,0,0,0,0,0,0,0,0,0.840116,False
SPY,2025-04-17,0.169863,485,Put,0.84,0.84,0.85,3505,12854,0.289314,0,0,0,0,0,0,0,0,0,0.902778,False
SPY,2025-04-17,0.169863,490,Put,0.88,0.88,0.9,27,8343,0.280891,0,0,0,0,0,0,0,0,0,0.970357,False
SPY,2025-04-17,0.169863,495,Put,0.95,0.95,0.96,4,6610,0.272834,0,0,0,0,0,0,0,0,0,1.04279,False
SPY,2025-04-17,0.169863,500,Put,0.99,1,1.01,245,16970,0.263984,0,0,0,0,0,0,0,0,0,1.11534,False
SPY,2025-04-17,0.169863,505,Put,1.1,1.09,1.1,1836,6469,0.256843,0,0,0,0,0,0,0,0,0,1.20249,False
SPY,2025-04-17,0.169863,510,Put,1.19,1.17,1.18,12,7665,0.248787,0,0,0,0,0,0,0,0,0,1.29939,False
SPY,2025-04-17,0.169863,515,Put,1.26,1.25,1.26,539,8057,0.240486,0,0,0,0,0,0,0,0,0,1.43031,False
SPY,2025-04-17,0.169863,520,Put,1.38,1.36,1.38,1104,5981,0.233345,0,0,0,0,0,0,0,0,0,1.55658,False
SPY,2025-04-17,0.169863,525,Put,1.51,1.49,1.49,1675,11266,0.225411,0,0,0,0,0,0,0,0,0,1.70244,False
SPY,2025-04-17,0.169863,530,Put,1.62,1.62,1.63,10781,46128,0.217964,0,0,0,0,0,0,0,0,0,1.91169,False
SPY,2025-04-17,0.169863,535,Put,1.82,1.8,1.83,25,6980,0.211739,0,0,0,0,0,0,0,0,0,2.1067,False
SPY,2025-04-17,0.169863,540,Put,2.01,1.99,2.03,395,24016,0.204781,0,0,0,0,0,0,0,0,0,2.33613,False
SPY,2025-04-17,0.169863,545,Put,2.19,2.2,2.21,3592,18950,0.196663,0,0,0,0,0,0,0,0,0,2.60007,False
SPY,2025-04-17,0.169863,550,Put,2.49,2.47,2.49,684,29756,0.190194,0,0,0,0,0,0,0,0,0,2.91818,False
SPY,2025-04-17,0.169863,555,Put,2.76,2.79,2.81,59,2913,0.183663,0,0,0,0,0,0,0,0,0,3.2907,False
SPY,2025-04-17,0.169863,560,Put,3.16,3.13,3.16,14271,36049,0.176705,0,0,0,0,0,0,0,0,0,3.72757,False
SPY,2025-04-17,0.169863,565,Put,3.55,3.55,3.59,51,12495,0.170174,0,0,0,0,0,0,0,0,0,4.22904,False
SPY,2025-04-17,0.169863,570,Put,4.01,4.04,4.08,156,23748,0.16343,0,0,0,0,0,0,0,0,0,4.8248,False
SPY,2025-04-17,0.169863,575,Put,4.6,4.6,4.63,4702,16939,0.156304,0,0,0,0,0,0,0,0,0,5.51028,False
SPY,2025-04-17,0.169863,580,Put,5.22,5.27,5.32,307,17243,0.149712,0,0,0,0,0,0,0,0,0,6.27591,False
SPY,2025-04-17,0.169863,585,Put,6,6.02,6.05,101,8997,0.142068,0,0,0,0,0,0,0,0,0,7.27001,False
SPY,2025-04-17,0.169863,590,Put,7,7,7.04,7303,27987,0.13572,0,0,0,0,0,0,0,0,0,8.38961,False
SPY,2025-04-17,0.169863,595,Put,8.05,8.09,8.13,720,11881,0.128396,0,0,0,0,0,0,0,0,0,9.70929,False
SPY,2025-04-17,0.169863,600,Put,9.3,9.45,9.5,1425,18237,0.121682,0,0,0,0,0,0,0,0,0,11.3636,False
SPY,2025-04-17,0.169863,605,Put,10.96,10.85,10.89,591,10503,0.112405,0,0,0,0,0,0,0,0,0,13.2388,False
SPY,2025-04-17,0.169863,610,Put,12.75,12.85,12.9,52,3657,0.106012,0,0,0,0,0,0,0,0,0,15.217,True
SPY,2025-04-17,0.169863,615,Put,14.9,14.75,15.28,7,1807,0.099359,0,0,0,0,0,0,0,0,0,17.8688,True
SPY,2025-04-17,0.169863,620,Put,17.65,17.69,17.95,34,531,0.0908294,0,0,0,0,0,0,0,0,0,20.8526,True
SPY,2025-04-17,0.169863,625,Put,23.65,20.41,21.16,3,274,0.0821625,0,0,0,0,0,0,0,0,0,24.3817,True
SPY,2025-04-17,0.169863,630,Put,30.19,24.15,24.47,2,134,0.0610445,0,0,0,0,0,0,0,0,0,28.3117,True
SPY,2025-04-17,0.169863,635,Put,31.5,27.99,28.78,3,96,1e-05,0,0,0,0,0,0,0,0,0,33.2418,True
SPY,2025-04-17,0.169863,640,Put,32.89,32.28,33.17,21,13,1e-05,0,0,0,0,0,0,0,0,0,37.5983,True
SPY,2025-04-17,0.169863,645,Put,38.75,45.94,47,4,0,0.213082,0,0,0,0,0,0,0,0,0,46.179,True
SPY,2025-04-17,0.169863,650,Put,45.63,42.04,42.98,5,6,1e-05,0,0,0,0,0,0,0,0,0,47.2078,True
SPY,2025-04-17,0.169863,655,Put,49.34,47.38,48.32,0,0,1e-05,0,0,0,0,0,0,0,0,0,52.494,True
SPY,2025-04-17,0.169863,660,Put,66.86,55.72,58.89,2,0,0.209572,0,0,0,0,0,0,0,0,0,57.0335,True
SPY,2025-04-17,0.169863,665,Put,59.99,56.22,59.66,1,5,0.130502,0,0,0,0,0,0,0,0,0,62.8593,True
SPY,2025-04-17,0.169863,670,Put,65.01,61.22,64.61,1,0,0.136666,0,0,0,0,0,0,0,0,0,67.7953,True
SPY,2025-04-17,0.169863,680,Put,77.25,80.3,83.63,0,0,0.324409,0,0,0,0,0,0,0,0,0,81.6219,True
SPY,2025-04-17,0.169863,690,Put,84,81.23,84.66,0,0,0.170663,0,0,0,0,0,0,0,0,0,87.8876,True
SPY,2025-04-17,0.169863,700,Put,93.46,91.22,94.61,41,0,0.183236,0,0,0,0,0,0,0,0,0,97.9299,True
SPY,2025-04-17,0.169863,710,Put,121.65,110.24,113.63,2,0,0.392615,0,0,0,0,0,0,0,0,0,111.565,True
SPY,2025-04-17,0.169863,750,Put,150.02,145.62,148.79,2,0,0.386298,0,0,0,0,0,0,0,0,0,146.88,True
SPY,2025-04-17,0.169863,810,Put,257.78,247.5,250.91,0,0,1.03623,0,0,0,0,0,0,0,0,0,248.322,True
SPY,2025-04-17,0.169863,830,Put,247.8,221.21,224.66,2,0,0.353766,0,0,0,0,0,0,0,0,0,227.744,True
